"","X","ptrans.ht","ptrans.hg","vinc","wane","ptrans.vh","hinc","hrec","feed","run","X","run","perc.vector","perc.host","num.tsetse","trans"
"1",1,0.0603227203491144,0.0033434923062881,0.0472682069105407,0.901088442613871,0.313255457160855,0.0808876881218826,0.0374788425052791,0.336566249215549,1,1,1,5.35416713467765,61.8062386880437,4138.06751036694,-10000
"3",3,0.0334252899887785,0.00458229219228146,0.0585248247920147,0.982702665019825,0.277629980615294,0.186496143203105,0.0447429479544866,0.372836372951744,3,3,3,5.61009835541584,71.208025093032,4138.06751036694,-10000
"5",5,0.0389626223258302,0.00334709474580945,0.0418177168011743,0.581751208324807,0.742241254548542,0.148127477145226,0.0483657069079093,0.376637150245602,5,5,5,4.80917853222918,67.054218787857,4138.06751036694,-10000
"17",17,0.0348851521978341,0.00407659540049383,0.0609552560447327,0.578818120175931,0.739961829785397,0.112840149016244,0.0265060803439197,0.341446097475205,17,17,17,5.35787574425315,75.6205410008997,4138.06751036695,-10000
"32",32,0.0383052985441498,0.00319199762050295,0.0651281544476437,0.238568395936191,0.733440693628462,0.068309164779447,0.0103504835250729,0.362378755412569,32,32,32,5.57639926299293,82.4017115407057,4138.06751036694,-10000
"34",34,0.0216281839267351,0.0040530771469546,0.0364556248731989,0.178727517900644,0.620261035518907,0.0924265501972598,0.0231221449855773,0.439128482311848,34,34,34,4.99808188377881,70.2968057699485,4138.06751036694,-10000
"43",43,0.0440382650708221,0.00468398247162695,0.0430354448186544,0.589003771463707,0.478833967161132,0.0833654225326454,0.0552257470134432,0.448501578190868,43,43,43,5.43901823713118,53.820721231224,4138.06751036695,-10000
"49",49,0.0398706696245261,0.00425150395798264,0.0397861321058668,0.497916625340122,0.297636107486114,0.146761262369218,0.0576242013537752,0.449018364272624,49,49,49,5.53074287589521,60.3489193180766,4138.06751036694,-10000
"53",53,0.070628806787543,0.00230246922743623,0.0485019818728091,0.86664787002282,0.483320291159907,0.123608397042161,0.0826528080176562,0.499093960967963,53,53,53,5.23772002529292,52.6105553806129,4138.06751036695,-10000
"56",56,0.0650508944851905,0.00291804312407854,0.0333972469865888,0.5758126561388,0.584960451472271,0.175352251281869,0.0736377481455488,0.399692626667597,56,56,56,5.53522357450852,59.3260400848843,4138.06751036695,-10000
"60",60,0.0643878950592503,0.00241886041775695,0.0429550378867968,0.778181598179482,0.289553387176245,0.103482004599211,0.0583927151570155,0.440021710334734,60,60,60,5.02547699268535,55.4740174383638,4138.06751036694,-10000
"62",62,0.0136004965639673,0.00378977236857521,0.0338184240716975,0.432343200106032,0.722963616706198,0.113855773663179,0.00923890977307262,0.425157352129269,62,62,62,5.22503523521782,89.2726598358601,4138.06751036694,-10000
"68",68,0.0343766031421162,0.0047896082729171,0.0643226708763822,0.581039774983795,0.233207297237637,0.131306030512663,0.0551144976397064,0.468470129189314,68,68,68,5.83326624102064,60.70951094203,4138.06751036695,-10000
"72",72,0.0672769356322288,0.00128430993057787,0.0534606165136443,0.844537265387375,0.749454217210272,0.190388296912393,0.0664726757347176,0.416202380368486,72,72,72,5.11368727801747,65.7022525592553,4138.06751036695,-10000
"73",73,0.0761937777892128,0.00107624901521369,0.0451169933264842,0.610292617682409,0.42338287631576,0.178949930735212,0.0605722898013987,0.493837411834742,73,73,73,5.62615886540366,64.7335526699087,4138.06751036695,-10000
"91",91,0.0488022846118733,0.00299137545726611,0.0430854208791628,0.168488612921445,0.262124333704263,0.179819807531095,0.0355477113366243,0.355092808341685,91,91,91,4.85867672988295,64.9346745995548,4138.06751036694,-10000
"129",129,0.0519271763253957,0.00455609628203209,0.0579016304867109,0.871615763985182,0.664553069488844,0.113223510783476,0.0729726325776234,0.434544455815029,129,129,129,5.7182492544559,54.6737226585771,4138.06751036694,-10000
"139",139,0.0530575393512845,0.00237009401950054,0.0661956616271908,0.492312431462726,0.290915411638282,0.149397373288839,0.0287959804918753,0.411943616870519,139,139,139,5.83995527026183,75.9632696654168,4138.06751036694,-10000
"147",147,0.0204778705650754,0.00451262377168168,0.0454323317825872,0.884270108352141,0.501942534512933,0.117251205160686,0.0148111718664761,0.37671530066935,147,147,147,5.67788928958227,85.2432996992471,4138.06751036694,-10000
"148",148,0.0547000725657307,0.00348565898793167,0.0533815744661571,0.389104398692762,0.70383311384134,0.173249082933863,0.0770867297014377,0.463041684852098,148,148,148,5.57341661471547,57.2838351766884,4138.06751036694,-10000
"156",156,0.00996485356206074,0.004811430680505,0.0396777783363437,0.87909442983645,0.467984847547393,0.180511376869865,0.0575248912341738,0.465924090865223,156,156,156,4.92559282249924,66.7799570292972,4138.06751036694,-10000
"160",160,0.0462886444238201,0.00271253623037599,0.0415421213966329,0.321642057542889,0.248410607980937,0.0832717810655013,0.0255855280872958,0.449833074310174,160,160,160,5.32833205324188,68.1975507639167,4138.06751036694,-10000
"165",165,0.0673050636177883,0.00470156229211483,0.0615019040059454,0.0178604593748483,0.422060066218209,0.180587038567755,0.0217625725606844,0.460336176384318,165,165,165,5.29465318148899,42.3748267101673,4138.06751036694,-10000
"167",167,0.0690518024259247,0.000447665793106426,0.0486972778707743,0.852737517153984,0.636840548923146,0.143096627920804,0.0258785030008876,0.394995151407823,167,167,167,5.50778160091147,79.7918859791351,4138.06751036694,-10000
"168",168,0.0716536113246158,0.00326956084037665,0.0636369056198979,0.181710523671396,0.394800576586137,0.183277063289595,0.0656207933311506,0.384711999984303,168,168,168,5.50417015007058,54.1028232109149,4138.06751036694,-10000
"171",171,0.0412503053204902,0.00272633204967366,0.0636202479269123,0.275361899183863,0.628707549103256,0.117579671255996,0.00890810796933947,0.364517501366829,171,171,171,5.85226642837627,88.9823447550428,4138.06751036694,-10000
"172",172,0.0471718323609605,0.00122519882875029,0.0658296383733163,0.432749806166878,0.799003882179689,0.138233666413805,0.0164301675869695,0.421464199054016,172,172,172,4.97022468031904,84.7076208579826,4138.06751036694,-10000
"179",179,0.0729951911122538,0.00191116618106491,0.0514406207048179,0.627947542613253,0.773256750250375,0.176200163336191,0.0886952877860419,0.413867826611929,179,179,179,5.10988900931263,56.5161636288777,4138.06751036695,-10000
"182",182,0.0590485529585928,0.000202969148212578,0.0622149933732348,0.189949705896059,0.648466300764633,0.173411404648144,0.0115459397539962,0.403641034195704,182,182,182,4.98720308695685,87.2261753197342,4138.06751036694,-10000
"183",183,0.0496209524641,0.00285923873484717,0.0614460118361904,0.349848153670717,0.37303422994474,0.124477757437527,0.0472842652879694,0.433448712159065,183,183,183,5.06812656063339,62.0365556708426,4138.06751036695,-10000
"185",185,0.0425315035263821,0.00271739485620055,0.041415189002431,0.230593887496998,0.362390522553073,0.0822297298136167,0.0122912870428544,0.36735743679471,185,185,185,5.43272369692281,80.781930539992,4138.06751036693,-10000
"186",186,0.0177705345556512,0.00392759100654861,0.0558330059475809,0.541711031428273,0.33771323007755,0.193110010960605,0.0298800157247538,0.472059194805566,186,186,186,5.48317408514164,78.7103575820242,4138.06751036694,-10000
"190",190,0.0184396300964057,0.00462685328697553,0.0593001049219475,0.116878843770118,0.426453521963861,0.128306811050698,0.0131666014280616,0.425711987405162,190,190,190,5.87406207504625,80.6501958875094,4138.06751036694,-10000
"195",195,0.0685912942855433,0.00483378852826194,0.0374430226634645,0.70822554377873,0.576828659222135,0.0967344748059288,0.0812266352940137,0.388432861797977,195,195,195,5.53241793261736,47.5222743976752,4138.06751036694,-10000
"213",213,0.0430189261138998,0.00362459422008833,0.0624596209576664,0.743599446318164,0.78558349262611,0.097193818872422,0.0429002348959388,0.39242340055174,213,213,213,5.13746765081628,64.0966694755856,4138.06751036694,-10000
"218",218,0.0526587808680534,0.0022083213643101,0.0583225157069042,0.260451368153095,0.303778615140496,0.192249724716134,0.0272175090342139,0.432922169318073,218,218,218,5.83602085229713,76.5880402952517,4138.06751036694,-10000
"224",224,0.058346949608922,0.00127935255440534,0.0349340076604315,0.837954643697722,0.590115931435069,0.153316967070072,0.0260464311475924,0.461340875679472,224,224,224,5.7406758274253,80.3181427063857,4138.06751036694,-10000
"228",228,0.0433466375446692,0.00312536275557475,0.0531116066426504,0.182300300720227,0.457301034902502,0.147296518377215,0.0155960326618321,0.356315458661915,228,228,228,5.79899165352826,81.7517086540001,4138.06751036694,-10000
"237",237,0.036652352277711,0.00355392020261497,0.0367731862204537,0.0823618707354483,0.755496185239498,0.136770653291512,0.0336477077345538,0.49980606357893,237,237,237,5.03282221027459,58.7111927303726,4138.06751036694,-10000
"239",239,0.0554008556655981,0.0019024871066201,0.0535043896330986,0.723644924195984,0.652761925613228,0.152270378993079,0.0359452331174786,0.430867869201854,239,239,239,5.60021530091333,74.7288857556156,4138.06751036696,-10000
"251",251,0.0413287155165151,0.00492463631760562,0.0409688674161599,0.470028747473648,0.635791432138113,0.18105250328475,0.07108383270817,0.406638567721355,251,251,251,5.72708915591699,60.359336646208,4138.06751036694,-10000
"257",257,0.0661088975507766,0.00324726717929589,0.0589854219020732,0.759320818621085,0.474553301897598,0.0911052572794569,0.05881275066641,0.345286134627803,257,257,257,4.99288251086345,54.1853352787845,4138.06751036694,-10000
"260",260,0.0393504990515299,0.00337597576766508,0.0432723147727006,0.343268042497269,0.3122276731594,0.0998888826100466,0.0297203448005273,0.462827676542763,260,260,260,5.59497290000621,68.7138789998114,4138.06751036694,-10000
"265",265,0.0371133531525545,0.0026716813390085,0.0466667326386397,0.293123408873728,0.616039822586347,0.130452903628163,0.0213235256040314,0.40397818127682,265,265,265,5.11259719922524,78.5202972118767,4138.06751036693,-10000
"268",268,0.0339964698024467,0.00473442050433368,0.0546065580861177,0.430077187757089,0.279832549151778,0.0837105048207566,0.0223932108958077,0.380250747914736,268,268,268,5.93056045476944,72.4762196588245,4138.06751036694,-10000
"278",278,0.0470531819154508,0.00179424024231732,0.038758555446278,0.918146663245794,0.512377336377278,0.0954629320124475,0.0111075018108978,0.372740425002373,278,278,278,5.39342196616474,86.6367909629429,4138.06751036694,-10000
"280",280,0.0236572512233071,0.00481676016388461,0.0555955409193489,0.385903606830318,0.243193278779695,0.177255902960058,0.0410920126208065,0.439731837307025,280,280,280,5.68565711006407,69.1640064822204,4138.06751036695,-10000
"293",293,0.0323466883329675,0.00339139855006128,0.0567390967354955,0.573787545059305,0.436253718223702,0.108603423372284,0.0266566551106633,0.431662418414179,293,293,293,5.35104870908067,74.4973032367687,4138.06751036694,-10000
"294",294,0.040206863231957,0.002237287032936,0.0504626343208753,0.210962713313324,0.418081061412906,0.155760645019418,0.0094650541264525,0.368239908123505,294,294,294,5.34112268514039,88.6525700688938,4138.06751036695,-10000
"296",296,0.0294775683927909,0.00447453319904162,0.0444661387666594,0.757126258707182,0.292130432837876,0.164972249269082,0.0316497286966905,0.378431705637874,296,296,296,5.65235560685352,75.5870663595209,4138.06751036695,-10000
"310",310,0.0600096759474091,0.00335759689105209,0.0651680396783166,0.262232840824877,0.649322054578411,0.129916495340318,0.0579069944741398,0.415699148033396,310,310,310,5.45482829889187,57.1756255826149,4138.06751036694,-10000
"315",315,0.063717762142662,0.00295183572857059,0.038784201815088,0.83272553322379,0.543782550942618,0.0818465688986704,0.0477015196488549,0.395672863220291,315,315,315,5.31453976261678,57.6883917173707,4138.06751036695,-10000
"330",330,0.0681261368937604,0.00431585455703898,0.0395293305460907,0.444275964982903,0.622817491379334,0.0855311676844334,0.0711975631735928,0.374712550660285,330,330,330,5.10882035824916,47.0540938188254,4138.06751036694,-10000
"336",336,0.0441472895501554,0.0017317370117805,0.0467956944903824,0.371788970053834,0.647883224148024,0.149607465277519,0.0162139981574573,0.428548996219334,336,336,336,5.28528683299315,84.8465021658316,4138.06751036694,-10000
"337",337,0.0659023858170398,0.00210312145334552,0.0489599523546097,0.653693124616437,0.586294096835516,0.161821814771369,0.0447227161638478,0.387669973421493,337,337,337,5.92218720412071,70.5933800838511,4138.06751036694,-10000
"339",339,0.0780420288631506,0.00130544156433549,0.0541860108056959,0.563643207450642,0.607442583395587,0.0962804825026232,0.0414823033683739,0.454077581731408,339,339,339,5.74386190945946,63.8826479797167,4138.06751036695,-10000
"349",349,0.0470368977602758,0.00339518961682683,0.0571342333287622,0.766489005742338,0.599617601684574,0.113878990538263,0.0482017656536948,0.343823332398276,349,349,349,4.82244251735796,63.4773112131812,4138.06751036694,-10000
"364",364,0.0765024195224605,0.000185218070773408,0.048840228793382,0.151320980587832,0.274591937067453,0.192002870845174,0.0346638331335116,0.450627865360623,364,364,364,4.91667101821935,66.4562411057518,4138.06751036695,-10000
"365",365,0.0322186105863005,0.00310759507668903,0.0473560317232041,0.32481666051948,0.745377703907061,0.132647374593715,0.0207539387712042,0.42344185218343,365,365,365,5.38460160291585,79.8988518695231,4138.06751036695,-10000
"366",366,0.0619324563023634,0.00159317678998341,0.0380762523092174,0.968637647315362,0.539037019980559,0.195725494177577,0.0431040027753372,0.35425167434228,366,366,366,5.3730432456009,73.8393967717434,4138.06751036694,-10000
"369",369,0.0310046266275644,0.00439010215836577,0.034139690515562,0.0483505142700882,0.687296035539219,0.167559799894411,0.0237985021427992,0.465545915788622,369,369,369,5.24286656578179,59.8598711266875,4138.06751036694,-10000
"373",373,0.0276939858125336,0.00433448665559175,0.0479117228401359,0.892265213413653,0.531543234294513,0.130232493033757,0.0405492271354849,0.368774222413117,373,373,373,4.91697655681978,69.5440873411357,4138.06751036695,-10000
"384",384,0.0405103334705904,0.00353969193460769,0.053274428189445,0.500535335719979,0.570016768659093,0.0894504998961464,0.0189557639492714,0.337807344110799,384,384,384,5.47295869645464,77.7158719275033,4138.06751036695,-10000
"389",389,0.0377329148255847,0.00486454390772269,0.0402834980244283,0.511270062570244,0.242515713732643,0.137743274327492,0.0841277029057654,0.487712690693559,389,389,389,5.1180116798016,49.3501210841022,4138.06751036695,-10000
"394",394,0.0436145010768995,0.00413841595052392,0.0452138858855547,0.767960326549788,0.7911812332673,0.166937115410777,0.077434987575716,0.485897051617464,394,394,394,5.91343090922736,60.1585559157559,4138.06751036695,-10000
"409",409,0.0181233480335027,0.00361344792704564,0.0654489286329985,0.718293349633277,0.319797112473799,0.148386137528531,0.0401354205826938,0.489404274771883,409,409,409,4.82170236687342,70.8242452380708,4138.06751036694,-10000
"420",420,0.0291258469201997,0.00415434803864337,0.0397438798013143,0.0627774131314503,0.449221070411382,0.171455992668712,0.022229457667664,0.481341310826479,420,420,420,5.54658326406518,65.6057508684024,4138.06751036694,-10000
"432",432,0.0527534250048921,0.00263467544419109,0.0345945878645483,0.622617874526139,0.360884490923677,0.0901628249259666,0.0408415288494997,0.424068129549385,432,432,432,4.96867367363272,61.3040102423898,4138.06751036694,-10000
"438",438,0.0341988415631838,0.00419402357999352,0.065627427980847,0.250926431795594,0.538794904802321,0.147724869134836,0.0289896237122555,0.378928708495727,438,438,438,5.6076676833373,73.540055504175,4138.06751036694,-10000
"444",444,0.0421111042260751,0.00332252563155838,0.0564097686018484,0.667348279383734,0.714701292847609,0.173134460537011,0.0509375302534298,0.364814419076118,444,444,444,5.0336570078404,68.9702650402862,4138.06751036694,-10000
"447",447,0.0536446678828634,0.00455195468135993,0.0497976950013932,0.137105895310135,0.782547639147891,0.117010660786616,0.0402624362557253,0.394119975715022,447,447,447,5.91194285981935,59.0557718512111,4138.06751036695,-10000
"459",459,0.0772629947028868,4.87591699115001e-06,0.0423226023368925,0.891709962313683,0.437030722116772,0.0865678413180324,0.0331021803152747,0.441486305486256,459,459,459,4.84366901653158,67.0240475850536,4138.06751036695,-10000
"469",469,0.0445153335524164,0.00446750459758099,0.0605987916231311,0.172590499521631,0.771950728580868,0.173476423759138,0.0774600027854108,0.477775265140963,469,469,469,5.17066648062324,50.1662365988053,4138.06751036693,-10000
"485",485,0.0438466832581535,0.00484288783625816,0.0616523375109459,0.0875705905538075,0.343529365196079,0.118239758667133,0.0391402326140824,0.462457837837981,485,485,485,5.66147776801808,53.9772848676738,4138.06751036696,-10000
"491",491,0.0143781127526425,0.00469816240785294,0.0369153201130296,0.995696663045872,0.675714310319303,0.107234051293166,0.0426221848932386,0.499492755143942,491,491,491,5.37705833974649,66.4451594283825,4138.06751036693,-10000
"499",499,0.0356237890458666,0.00347545309282257,0.0437685385563644,0.476147496321546,0.72333890986857,0.153126702821503,0.0427365039608713,0.448197460726912,499,499,499,5.43219574078159,69.9023835267281,4138.06751036694,-10000
"504",504,0.0713323244935647,0.00196767425338388,0.0558456130878456,0.0583759098613099,0.71633515119697,0.150756105125416,0.0291554891854893,0.476012882962008,504,504,504,5.42033345296699,57.7974662094334,4138.06751036694,-10000
"507",507,0.0562199910742417,0.00244167868294404,0.0582944032085516,0.484229994686441,0.709604568751296,0.117758267881162,0.0371159169008723,0.43148138571973,507,507,507,5.70393089359161,69.2990041223213,4138.06751036694,-10000
"508",508,0.068657451943513,0.00145626220933162,0.0573505064096612,0.738415129567417,0.322108531799261,0.177701859768232,0.0555478227231283,0.450433017841191,508,508,508,5.5103698596158,66.4470783601237,4138.06751036693,-10000
"511",511,0.0694237509255484,0.00270483350165887,0.0477869242639436,0.297164514332437,0.570627186793229,0.101228986934045,0.0704929886895504,0.445112296323137,511,511,511,4.84252376037509,48.7005752921754,4138.06751036694,-10000
"515",515,0.0632586591332592,0.00434922653802903,0.0405233502694561,0.221134914577431,0.232974594205618,0.127013259791893,0.0795681724939922,0.444282334715167,515,515,515,5.08019437873388,44.4104325127075,4138.06751036694,-10000
"517",517,0.0749870059797354,0.000151254897089675,0.0624251831214254,0.934037182323411,0.509857648224477,0.131471265855276,0.0191697741964172,0.355646977774062,517,517,517,5.86924576608443,83.2669887324198,4138.06751036695,-10000
"521",521,0.00068433039907366,0.00493949029115378,0.0493855896953493,0.31473976813487,0.794594559505023,0.137420526904861,0.0350113016760986,0.478618040524035,521,521,521,4.85961929230044,70.6945829229824,4138.06751036694,-10000
"526",526,0.0588278174161725,0.00345467530678026,0.0351366195998387,0.416732886996975,0.792117109952914,0.183090061505605,0.0857790090979698,0.358283326385194,526,526,526,4.88163938053328,54.8202613994001,4138.06751036695,-10000
"531",531,0.0192004894143343,0.00424002012050361,0.0587377180948931,0.201981345205721,0.717603325068206,0.13848474749038,0.0440855529740084,0.480509211619074,531,531,531,4.80572602188561,62.594179062682,4138.06751036695,-10000
"536",536,0.0517643946974538,0.0032089024718327,0.040570660383782,0.959736047955062,0.657935129258223,0.0895923917485091,0.0490064824573211,0.445851955652547,536,536,536,5.32230448930406,59.6595936289593,4138.06751036695,-10000
"568",568,0.0365492562134564,0.00423592874890193,0.0356236990593451,0.446349629575592,0.48230945750908,0.104594059467502,0.0572352773020102,0.494624504330258,568,568,568,5.30544623769402,56.0982863845284,4138.06751036694,-10000
"573",573,0.0595854899001308,0.00472879520043614,0.0457452338263315,0.392618112706346,0.284490186742647,0.199475549632839,0.0906201769331567,0.335254324053919,573,573,573,4.95913649413498,50.116027627463,4138.06751036694,-10000
"577",577,0.0724645209147595,0.00386895861727768,0.0539357728983586,0.823597689901825,0.259350024167029,0.125070111964581,0.085183452180905,0.44881073449684,577,577,577,5.88323288859023,50.2727241775163,4138.06751036694,-10000
"583",583,0.0364109645782597,0.00366775130483089,0.051037969623087,0.231360135905703,0.385354098347807,0.162014179229612,0.0424142829399517,0.492557638266085,583,583,583,5.64614703900146,65.7036521671562,4138.06751036694,-10000
"592",592,0.0520059282288514,0.00201632855172036,0.0420016117794594,0.362967507334093,0.218555845227931,0.0730590624984043,0.0228043619909867,0.425857299880823,592,592,592,4.99289016374251,68.4069560621133,4138.06751036695,-10000
"597",597,0.0174773518012278,0.00313311630107113,0.0462000342770169,0.926637186021337,0.546903356719948,0.192878497821993,0.0150282279015228,0.496585867605056,597,597,597,5.4599659842584,89.4035610960497,4138.06751036694,-10000
"598",598,0.0691219401813485,0.00143129411211936,0.0401015570153637,0.213271503296529,0.476727326305397,0.0857978441981599,0.0229244245802887,0.453252967858726,598,598,598,5.8618939744715,70.5255339452382,4138.06751036693,-10000
"601",601,0.0644894397595711,0.00351234386372496,0.0399770032544543,0.161770842165365,0.221283052013349,0.131091432737497,0.0536944236254223,0.451477747441852,601,601,601,5.50790824748222,52.1944679023757,4138.06751036694,-10000
"603",603,0.0587036833317205,0.00321815012709121,0.0622801832693163,0.108025159567073,0.269635262220865,0.163003213939133,0.0383584351573101,0.393541361029881,603,603,603,5.33226423396503,59.105169992881,4138.06751036695,-10000
"611",611,0.0197642642544955,0.00347127995747374,0.0627165330836782,0.631562410064358,0.60379781762748,0.150475699720904,0.0174849176645919,0.407108526716901,611,611,611,4.99255455724396,85.2523467971485,4138.06751036695,-10000
"618",618,0.0153938918747567,0.00460797615090618,0.0580369052920413,0.0597399709984334,0.344117464820715,0.183722965072623,0.0226385487426674,0.474443114171969,618,618,618,4.99147869879332,64.5752404622681,4138.06751036695,-10000
"619",619,0.0477830145147815,0.00186395092676976,0.0459784041625137,0.894368718792356,0.405504669182468,0.0950937589044062,0.0210462744134129,0.412684433273117,619,619,619,5.1281417037906,77.3258776468498,4138.06751036694,-10000
"637",637,0.051437968412023,0.00375221766761271,0.0435619686274091,0.352296724767159,0.780615877728723,0.114549966122676,0.0516698440114094,0.459825379636682,637,637,637,5.83225581073062,59.9882175009491,4138.06751036695,-10000
"644",644,0.0458146775697544,0.00119896764110541,0.0386955308899827,0.807547610224509,0.347156040306203,0.174741364400896,0.0173024029807343,0.430575498821097,644,644,644,4.92576988245766,85.6670764200658,4138.06751036695,-10000
"649",649,0.0549584026452526,0.00153209230399923,0.0593756416334383,0.225904889848386,0.384583813314838,0.151289443218615,0.0141858694745208,0.409296146989179,649,649,649,5.80215531781018,84.3631325710109,4138.06751036694,-10000
"651",651,0.0383918158492632,0.00314058439342771,0.0462735421618757,0.257859025229714,0.377818060167786,0.0850101706723062,0.0128309404740285,0.36380958020497,651,651,651,5.46082293639572,80.9950622781777,4138.06751036694,-10000
"654",654,0.0760270520713553,0.00432751139400411,0.0648463489672091,0.802041637356258,0.388540004891297,0.0803192912913548,0.0703249544072974,0.390393621073298,654,654,654,5.61441056619799,47.5777506584726,4138.06751036694,-10000
"659",659,0.0458964063405432,0.00191799317406258,0.0593627420938263,0.241456595178938,0.264176867480297,0.118719253342971,0.0113956471780742,0.345373770577717,659,659,659,5.13680502148805,84.6452366292829,4138.06751036694,-10000
"671",671,0.0447178961837292,0.00356534835610888,0.0658778511998166,0.949039414287545,0.285888053011382,0.180920970668489,0.0645859410616259,0.467556095374787,671,671,671,5.73480799657583,64.1348136497328,4138.06751036692,-10000
"674",674,0.0371909874936752,0.00401057968336972,0.0585608453822012,0.118607587786857,0.268683561822074,0.181417149609638,0.0168160031491017,0.345575939187819,674,674,674,5.66556681775781,77.8915696668208,4138.06751036694,-10000
"675",675,0.0562625802445225,0.00476081696772715,0.0614978797164125,0.37256461632865,0.447988580805901,0.0954735689690026,0.0863598176296412,0.429131591600249,675,675,675,4.82686722313278,43.5163571806647,4138.06751036693,-10000
"683",683,0.0396295760721713,0.00440652074783109,0.0484037512826733,0.125153766614662,0.48569217840042,0.14211310866354,0.0562196058723474,0.474548568882048,683,683,683,5.00898656044645,51.4769046927235,4138.06751036694,-10000
"700",700,0.0647205907201394,0.00140589280470391,0.0337202152946498,0.36191070885004,0.639324820245011,0.170637654027467,0.0467489148646515,0.459344474108579,700,700,700,5.33976472851334,67.5145508404395,4138.06751036694,-10000
"702",702,0.0351606528767012,0.0021189570989355,0.0589150636014606,0.155211263991443,0.275912445456535,0.102095992347381,0.00954611053486976,0.416907806970296,702,702,702,4.8936286116474,84.4738077426233,4138.06751036695,-10000
"715",715,0.0732315065959096,0.0032789632415201,0.0456955902791116,0.524583111923055,0.2768413186308,0.114364651762818,0.0792406309457515,0.377965031938239,715,715,715,4.89502050626353,47.6255889626372,4138.06751036693,-10000
"724",724,0.0573502592865937,0.00333211855544825,0.0519631078311397,0.842576137346029,0.222691988061555,0.0800381382497648,0.0311590275714135,0.364417379589208,724,724,724,5.66293414309907,65.2121409027047,4138.06751036695,-10000
"729",729,0.0160354578789324,0.00404038332924829,0.043377565889565,0.687819244578686,0.730846321180742,0.185204183556419,0.0313575716798776,0.466767137950868,729,729,729,5.47123105246532,79.4065403836153,4138.06751036694,-10000
"736",736,0.0503266912229359,0.00300483640757157,0.0650510115056066,0.828601713336902,0.363733891832456,0.182248709854856,0.0673129515522936,0.400056933478491,736,736,736,5.06891883106736,62.7095297880782,4138.06751036694,-10000
"738",738,0.0481119834220596,0.0035592060468276,0.0445959796400741,0.752318146094072,0.559017222578731,0.169763457818423,0.0697560230693334,0.383095356363958,738,738,738,5.08614259755906,61.2214442650759,4138.06751036694,-10000
"739",739,0.0549988218881004,0.0042017427997326,0.0435320779929403,0.975345070505044,0.527597183132498,0.138295028438854,0.06817727249509,0.400963139224138,739,739,739,5.85561285943719,59.4760979604571,4138.06751036695,-10000
"756",756,0.0338389233410172,0.00248327863731422,0.0384911149780654,0.681587951186777,0.545086272895895,0.115825792400601,0.0326742630511134,0.499906705088564,756,756,756,4.87657783336177,72.0137518194956,4138.06751036694,-10000
"765",765,0.0237008879066259,0.00404981183351134,0.0424700994567868,0.67990883663103,0.371305207232339,0.166628601236207,0.0518729439340493,0.475638634649493,765,765,765,5.17164913677038,66.7108634345587,4138.06751036695,-10000
"770",770,0.0621211486873031,7.00140852341428e-05,0.0570786746499905,0.730600881749231,0.535692039167741,0.185581348250061,0.0211204145748712,0.341232949317123,770,770,770,4.86157295905413,84.3576801271242,4138.06751036694,-10000
"774",774,0.0648563178048469,0.000284527659987798,0.0512888709503148,0.418938924842759,0.624772935508704,0.157967690217619,0.0185046147122902,0.3792376875669,774,774,774,5.28098419335766,83.813313267932,4138.06751036695,-10000
"783",783,0.0763412581922859,0.00281067322222516,0.0357366187051948,0.346887321498722,0.70295735343555,0.126432059175645,0.0885643943663007,0.423314956524021,783,783,783,4.99529496902239,47.5378070994669,4138.06751036693,-10000
"797",797,0.034144605041109,0.0040372334955167,0.0457282929845387,0.956370445446754,0.479751830610447,0.145914017428706,0.0561348751245843,0.414807577272334,797,797,797,5.11533535581381,64.4199202243932,4138.06751036694,-10000
"798",798,0.0759236544021405,0.000665185652381042,0.0634947040368803,0.625707467802118,0.595056742595742,0.139619848657399,0.0389531059869371,0.496207416280677,798,798,798,5.80306648359215,71.7327343851916,4138.06751036695,-10000
"812",812,0.0182205974366888,0.00346122208769666,0.0394254157309653,0.523501823292908,0.211315913038235,0.136056614910935,0.0118315049021912,0.417666149313057,812,812,812,5.01936108237845,86.3234778047939,4138.06751036694,-10000
"818",818,0.0592181307144463,0.00278198713833117,0.0382380033902358,0.876392403555154,0.519601377982274,0.152783862565427,0.0734359608861036,0.420076169507811,818,818,818,5.18131687581438,58.6107919036608,4138.06751036695,-10000
"820",820,0.0497755162453279,0.00367936816809583,0.0524259542626639,0.62460226970552,0.524325258676335,0.175618595747091,0.0529765193697938,0.340779105898459,820,820,820,5.41901329489572,67.2227647710373,4138.06751036694,-10000
"825",825,0.0222726817025431,0.00408172034133109,0.0580000382053278,0.65706295277081,0.287548233296303,0.0917934343104872,0.0246879976930562,0.427184315392515,825,825,825,5.13939252672418,72.947785417441,4138.06751036694,-10000
"827",827,0.0596256308241934,0.0035757640804525,0.0384020670720764,0.678324773214904,0.689070150144212,0.133656308226474,0.0591433880454414,0.379748096412669,827,827,827,5.73327212883643,61.4993467127778,4138.06751036694,-10000
"847",847,0.073621713199988,0.000680792355225422,0.058489289322185,0.841062297308731,0.659237927319994,0.111700411134803,0.0366971845681993,0.398869637535769,847,847,847,5.32106147106201,70.0071358622428,4138.06751036694,-10000
"851",851,0.0575919103429094,0.00488282853911049,0.0518777822243283,0.461603679651571,0.793679387091426,0.085312668568672,0.0658672251609697,0.35974641811576,851,851,851,5.08392811047793,49.6209792760061,4138.06751036694,-10000
"861",861,0.0380219808532856,0.00492528732826002,0.0525063142305473,0.252397470692692,0.741057728396636,0.169092646083888,0.087564099445617,0.474704901433356,861,861,861,5.18707731741899,50.4770228363268,4138.06751036696,-10000
"866",866,0.0735562197792903,0.00265308178434614,0.0550543251249085,0.281058232545606,0.743393184387917,0.198002151164599,0.082201432903858,0.459113487326307,866,866,866,5.71353173350389,55.166141725887,4138.06751036695,-10000
"868",868,0.0618332396971248,0.000898234146117466,0.0581579825630567,0.329540180572518,0.336281573469844,0.122696467585241,0.0170040196799499,0.460079687821756,868,868,868,5.68648845680837,81.582934907501,4138.06751036695,-10000
"870",870,0.0708857196174003,0.00303116530919215,0.0367323590541724,0.999137416862529,0.309195818259567,0.175935642808738,0.0622709710754765,0.352288795790984,870,870,870,5.92349315069333,62.4390575141964,4138.06751036695,-10000
"884",884,0.0620553550434299,0.00245211572421365,0.0569111335604607,0.748477158782608,0.438114340239065,0.150247739594554,0.0767055823780131,0.481869121139481,884,884,884,5.28959873783487,57.3708703676058,4138.06751036695,-10000
"887",887,0.0455188773008063,0.00302237236458459,0.0569555144257145,0.216154859016945,0.756695588879101,0.142946943829488,0.0249327594794876,0.41252925490619,887,887,887,5.85301761939034,75.5287967352695,4138.06751036694,-10000
"906",906,0.0586280991044641,0.00316273906032206,0.0484639978867723,0.414096677688509,0.529395044123195,0.114785253728181,0.0499541132371174,0.365024308212179,906,906,906,5.2372182742575,60.5365299084972,4138.06751036695,-10000
"926",926,0.0355242586821131,0.00369942276974209,0.0506184474914567,0.206883107424027,0.531927842584392,0.127096327803563,0.0504054825716458,0.493663311820361,926,926,926,4.99910576511229,58.0911524334952,4138.06751036694,-10000
"928",928,0.0522255786236376,0.00251077024802798,0.0640471002340705,0.748827896831634,0.453279449720215,0.0887003390243898,0.0160090102515552,0.340515066649765,928,928,928,5.79834325457831,80.9584394713284,4138.06751036695,-10000
"937",937,0.0787980399057828,0.00159896145111648,0.0629772575951802,0.9234402441931,0.642255441740761,0.199036773705607,0.0916539996700963,0.458091214315811,937,937,937,5.62765770926496,59.4436671732359,4138.06751036694,-10000
"941",941,0.0789429335296899,0.00160603298802744,0.0516183009543146,0.660146001043103,0.55533048999412,0.111486916772183,0.0625831575489584,0.463595322457375,941,941,941,5.43458546528979,57.0435902073263,4138.06751036694,-10000
"947",947,0.0529188420497812,0.00199690978197264,0.0412102239913462,0.289597907017411,0.708869516918808,0.186897436050636,0.0219096317697452,0.35434987038176,947,947,947,5.56443012492944,81.2980828173703,4138.06751036693,-10000
"949",949,0.0781178536896221,0.00365997679513879,0.0384359973088683,0.440645151510574,0.297163737845048,0.119547453830857,0.0879525966816892,0.47179433721886,949,949,949,5.69407950991111,46.4665317464017,4138.06751036695,-10000
"959",959,0.0189212523814477,0.00463623958790326,0.0530505157829495,0.351512014309482,0.595697893735301,0.16132140830212,0.0358653486224493,0.418624183439611,959,959,959,5.26582117624101,72.3703272335206,4138.06751036694,-10000
"960",960,0.0675289180544205,0.000552459112696815,0.0646737597771843,0.645529826094101,0.589308113400312,0.120746217935905,0.0180552256810731,0.387625881368527,960,960,960,5.68069699622984,82.857162658519,4138.06751036695,-10000
"964",964,0.0570235521128029,0.00496662496123347,0.0657779718310417,0.245319521943734,0.625924495004583,0.0921689550704633,0.0846472448471352,0.498230429359401,964,964,964,5.25009916073034,42.0555862283459,4138.06751036694,-10000
"968",968,0.0572037731303647,0.00437838652485865,0.0335977575339998,0.931759353964119,0.682645378089976,0.0903358877991326,0.0761901720992425,0.461920184679213,968,968,968,5.44106476969862,48.8614057341584,4138.06751036694,-10000
"979",979,0.0545769063876383,0.0035459021423175,0.0389542688211969,0.410267165247623,0.403348181402124,0.109924293890192,0.031941308394511,0.354675555900205,979,979,979,5.89456091052229,69.1747306136107,4138.06751036695,-10000
"982",982,0.0521158426611871,0.00259764688555733,0.0464007973386363,0.457271662397112,0.655321862735506,0.119312863220088,0.0226259196676877,0.340199310037113,982,982,982,5.65660262080748,78.1792909485898,4138.06751036694,-10000
"995",995,0.0654702048526891,0.00208218476676033,0.0380063290864384,0.518038716023222,0.496059336842131,0.0686567384820432,0.0273467946256239,0.446195464204259,995,995,995,5.82497038100239,66.5143047901626,4138.06751036693,-10000
