"","run","perc.vector","perc.host","num.tsetse","trans"
"1",1,5.35416713467765,61.8062386880437,4138.06751036694,-10000
"2",2,2.30919323585483,51.9406146911411,4138.06751036694,-10000
"3",3,5.61009835541584,71.208025093032,4138.06751036694,-10000
"4",4,6.78894709942971,63.902165082908,4138.06751036695,-10000
"5",5,4.80917853222918,67.054218787857,4138.06751036694,-10000
"6",6,3.0949874857689,59.0443483290034,4138.06751036694,-10000
"7",7,3.93652179860719,62.354384952936,4138.06751036695,-10000
"8",8,1.09097214350652,38.2433962388099,4138.06751036695,-10000
"9",9,9.86156196276493,80.6547184055612,4138.06751036694,-10000
"10",10,4.68446578961507,55.5971416874313,4138.06751036695,-10000
"11",11,1.05745842076945,75.3721528959467,4138.06751036695,-10000
"12",12,3.84230336224148,50.6582375720338,4138.06751036694,-10000
"13",13,7.46368762986072,83.5050450460722,4138.06751036694,-10000
"14",14,2.22985639308013,53.0492564409636,4138.06751036693,-10000
"15",15,0.317192835764298,16.2097890917784,4138.06751036695,-10000
"16",16,6.99169927627942,72.0480877005166,4138.06751036694,-10000
"17",17,5.35787574425315,75.6205410008997,4138.06751036695,-10000
"18",18,2.97198813196519,37.4863039774973,4138.06751036694,-10000
"19",19,2.87447773745836,45.295269989011,4138.06751036694,-10000
"20",20,2.4125311338765,86.3333295061265,4138.06751036695,-10000
"21",21,8.33095005672442,68.6454005747858,4138.06751036693,-10000
"22",22,7.98935813576902,59.2803211169383,4138.06751036695,-10000
"23",23,6.03936767363931,49.7531502174848,4138.06751036694,-10000
"24",24,2.40065945356433,18.0617902113624,4138.06751036695,-10000
"25",25,3.01111742477107,59.7295168279208,4138.06751036695,-10000
"26",26,2.1433385195979,57.6873984800803,4138.06751036695,-10000
"27",27,4.68372773384474,57.1765083003449,4138.06751036694,-10000
"28",28,7.10246454518616,73.5971123749375,4138.06751036694,-10000
"29",29,7.22241925411294,61.9404926685877,4138.06751036694,-10000
"30",30,2.29297058963993,47.7866905294986,4138.06751036694,-10000
"31",31,9.77974239930473,86.3223646506658,4138.06751036694,-10000
"32",32,5.57639926299293,82.4017115407057,4138.06751036694,-10000
"33",33,3.431001472046,59.801005885621,4138.06751036694,-10000
"34",34,4.99808188377881,70.2968057699485,4138.06751036694,-10000
"35",35,1.84324295545128,32.6103743775916,4138.06751036695,-10000
"36",36,4.43754620099289,90.7528605154118,4138.06751036694,-10000
"37",37,4.03914696851074,45.2524199407992,4138.06751036694,-10000
"38",38,1.5049293396915,44.165603877478,4138.06751036694,-10000
"39",39,4.16353801412958,71.0194932364923,4138.06751036694,-10000
"40",40,4.72850339664665,59.7769239499569,4138.06751036694,-10000
"41",41,3.47491767467941,42.1480051545388,4138.06751036695,-10000
"42",42,6.2444326029567,78.5532026242085,4138.06751036695,-10000
"43",43,5.43901823713118,53.820721231224,4138.06751036695,-10000
"44",44,2.87894975897645,66.1801660680364,4138.06751036694,-10000
"45",45,3.36617851066561,64.3945217801436,4138.06751036694,-10000
"46",46,1.78376081444773,43.3529235177658,4138.06751036694,-10000
"47",47,6.47923539617399,81.6005694499669,4138.06751036694,-10000
"48",48,6.26016535715005,74.2414079012646,4138.06751036693,-10000
"49",49,5.53074287589521,60.3489193180766,4138.06751036694,-10000
"50",50,1.39902097788795,27.8847907818232,4138.06751036694,-10000
"51",51,3.59715433180139,47.6581818100659,4138.06751036695,-10000
"52",52,3.58793602168583,56.0214137513906,4138.06751036694,-10000
"53",53,5.23772002529292,52.6105553806129,4138.06751036695,-10000
"54",54,1.74288328458712,45.9647050552676,4138.06751036696,-10000
"55",55,7.89159825226193,59.7771866722371,4138.06751036694,-10000
"56",56,5.53522357450852,59.3260400848843,4138.06751036695,-10000
"57",57,3.96562710778559,57.0150727420666,4138.06751036694,-10000
"58",58,2.68364075245959,68.8027515157355,4138.06751036695,-10000
"59",59,0.698355404461074,39.118526562203,4138.06751036694,-10000
"60",60,5.02547699268535,55.4740174383638,4138.06751036694,-10000
"61",61,1.8370020009073,36.5441554068475,4138.06751036693,-10000
"62",62,5.22503523521782,89.2726598358601,4138.06751036694,-10000
"63",63,6.48991053202943,70.0208546543483,4138.06751036694,-10000
"64",64,6.26335262986864,58.8159192011687,4138.06751036694,-10000
"65",65,0.545366227771668,32.0779443305272,4138.06751036694,-10000
"66",66,3.94731074060072,72.1610584424216,4138.06751036695,-10000
"67",67,3.20058672815178,50.6641589697425,4138.06751036694,-10000
"68",68,5.83326624102064,60.70951094203,4138.06751036695,-10000
"69",69,2.52844679549448,44.9837661313491,4138.06751036692,-10000
"70",70,8.10761754527792,74.0676512198155,4138.06751036693,-10000
"71",71,3.56357702422517,40.8005972706193,4138.06751036694,-10000
"72",72,5.11368727801747,65.7022525592553,4138.06751036695,-10000
"73",73,5.62615886540366,64.7335526699087,4138.06751036695,-10000
"74",74,7.68787764077805,76.712243492921,4138.06751036694,-10000
"75",75,2.20721601662289,43.68948959491,4138.06751036694,-10000
"76",76,1.29640876288311,23.7658553103666,4138.06751036694,-10000
"77",77,2.43029063521859,47.8490676707412,4138.06751036695,-10000
"78",78,4.78114285576754,60.0525575106299,4138.06751036694,-10000
"79",79,4.34889570676333,59.6378370743083,4138.06751036695,-10000
"80",80,0.424775653704543,81.1810609583834,4138.06751036694,-10000
"81",81,2.07940316294212,50.0172896384713,4138.06751036695,-10000
"82",82,7.59979742078174,80.3529687726413,4138.06751036694,-10000
"83",83,1.15369853043029,42.056149060899,4138.06751036694,-10000
"84",84,2.74495728321981,51.8433661010699,4138.06751036696,-10000
"85",85,0.816774541766756,64.8209593595123,4138.06751036695,-10000
"86",86,3.43984546420578,50.1770329854768,4138.06751036695,-10000
"87",87,2.98684124413684,71.3662588364476,4138.06751036695,-10000
"88",88,3.80683621498034,76.2904294182212,4138.06751036693,-10000
"89",89,6.93811120427043,77.90669910611,4138.06751036694,-10000
"90",90,3.75870990788462,52.3254285335086,4138.06751036695,-10000
"91",91,4.85867672988295,64.9346745995548,4138.06751036694,-10000
"92",92,2.43456577904651,41.96605196964,4138.06751036694,-10000
"93",93,2.22346440745548,44.7810978819536,4138.06751036695,-10000
"94",94,7.2629357843149,70.6343422071248,4138.06751036694,-10000
"95",95,1.89698553215062,35.2519059672615,4138.06751036694,-10000
"96",96,3.83054358795617,55.6430292956812,4138.06751036693,-10000
"97",97,3.24964523164217,62.796380058667,4138.06751036695,-10000
"98",98,2.30767657664126,40.8510445774382,4138.06751036694,-10000
"99",99,3.83062600678163,55.5430022468743,4138.06751036694,-10000
"100",100,4.20785341674339,45.4855648242114,4138.06751036694,-10000
"101",101,1.27364483359768,35.7928005497473,4138.06751036694,-10000
"102",102,0.778610676013185,29.1361908129841,4138.06751036695,-10000
"103",103,2.66945690936193,50.4045444956981,4138.06751036694,-10000
"104",104,1.3003342963821,44.2827200360299,4138.06751036694,-10000
"105",105,2.2505238232099,65.3630643185208,4138.06751036694,-10000
"106",106,6.61850658539838,65.7988397363177,4138.06751036695,-10000
"107",107,2.72185552153005,29.0614327907483,4138.06751036694,-10000
"108",108,1.80076372865969,75.6940164677812,4138.06751036694,-10000
"109",109,7.07726876973775,76.4172894061988,4138.06751036694,-10000
"110",110,4.01034804469254,58.4798998101873,4138.06751036695,-10000
"111",111,2.15933386692372,55.509831669165,4138.06751036694,-10000
"112",112,4.1629111670129,81.2797475321275,4138.06751036694,-10000
"113",113,7.99790030715245,70.6945288758443,4138.06751036694,-10000
"114",114,3.87216026971599,48.080837249251,4138.06751036694,-10000
"115",115,1.32139394400479,26.5834864973206,4138.06751036695,-10000
"116",116,3.20347826242281,66.5805906325891,4138.06751036694,-10000
"117",117,2.23588312651987,46.9237018406732,4138.06751036696,-10000
"118",118,3.88474540876785,49.7407118103903,4138.06751036692,-10000
"119",119,4.17887630198689,87.6803029561473,4138.06751036695,-10000
"120",120,2.29153091914349,63.2347418663246,4138.06751036694,-10000
"121",121,4.60503372209915,67.336188373162,4138.06751036694,-10000
"122",122,1.10630122548577,21.5190430000724,4138.06751036695,-10000
"123",123,0.921939259927211,35.4529449320664,4138.06751036695,-10000
"124",124,1.77775485383414,53.690903663205,4138.06751036695,-10000
"125",125,3.24981157305317,74.2703418151607,4138.06751036695,-10000
"126",126,4.02970391823569,61.4161664857717,4138.06751036695,-10000
"127",127,6.12902008775467,90.6040524995321,4138.06751036695,-10000
"128",128,3.58842957005742,39.425326499252,4138.06751036694,-10000
"129",129,5.7182492544559,54.6737226585771,4138.06751036694,-10000
"130",130,3.67958687418634,56.2556212939199,4138.06751036695,-10000
"131",131,0.682374304715278,41.6603151972343,4138.06751036694,-10000
"132",132,3.03801465360367,52.934318966343,4138.06751036694,-10000
"133",133,1.12958498364927,58.694930378231,4138.06751036694,-10000
"134",134,3.00621864264317,39.7166243152199,4138.06751036694,-10000
"135",135,1.45607538174938,29.1478306527574,4138.06751036695,-10000
"136",136,2.84201353051038,43.8795567747405,4138.06751036695,-10000
"137",137,3.33520652740985,49.5309977976636,4138.06751036694,-10000
"138",138,2.26813107819442,19.1955952116544,4138.06751036694,-10000
"139",139,5.83995527026183,75.9632696654168,4138.06751036694,-10000
"140",140,1.57961329901233,54.4309327880896,4138.06751036694,-10000
"141",141,4.68102543626252,52.9631558390807,4138.06751036693,-10000
"142",142,2.25158660957161,38.0811438958462,4138.06751036694,-10000
"143",143,4.57839191539761,37.9240257463917,4138.06751036694,-10000
"144",144,7.09372589859423,87.4600291420593,4138.06751036695,-10000
"145",145,3.68639120852188,36.8107235827889,4138.06751036694,-10000
"146",146,4.03856554965499,38.5934412505675,4138.06751036694,-10000
"147",147,5.67788928958227,85.2432996992471,4138.06751036694,-10000
"148",148,5.57341661471547,57.2838351766884,4138.06751036694,-10000
"149",149,2.46331707521794,78.4945842686812,4138.06751036693,-10000
"150",150,6.72067803041971,70.1282077578737,4138.06751036694,-10000
"151",151,2.71694749597189,47.0320772484456,4138.06751036695,-10000
"152",152,8.43897796349339,78.7795977296492,4138.06751036694,-10000
"153",153,6.46067357179641,60.0908825971242,4138.06751036694,-10000
"154",154,1.4208677783934,50.5996368160325,4138.06751036693,-10000
"155",155,6.1140238460056,55.78175383937,4138.06751036694,-10000
"156",156,4.92559282249924,66.7799570292972,4138.06751036694,-10000
"157",157,1.31546056066722,32.5639918886463,4138.06751036695,-10000
"158",158,2.91056560554257,54.6575028095083,4138.06751036695,-10000
"159",159,6.40258634402846,71.68651875808,4138.06751036694,-10000
"160",160,5.32833205324188,68.1975507639167,4138.06751036694,-10000
"161",161,6.61376110837474,70.0905095703949,4138.06751036695,-10000
"162",162,1.28384933218293,51.2432811268849,4138.06751036695,-10000
"163",163,3.5404065703098,46.1632570367589,4138.06751036694,-10000
"164",164,2.7185090472015,55.7568931215427,4138.06751036694,-10000
"165",165,5.29465318148899,42.3748267101673,4138.06751036694,-10000
"166",166,2.00289282574444,30.3539533252538,4138.06751036694,-10000
"167",167,5.50778160091147,79.7918859791351,4138.06751036694,-10000
"168",168,5.50417015007058,54.1028232109149,4138.06751036694,-10000
"169",169,2.84412928500567,55.3890942147454,4138.06751036693,-10000
"170",170,3.02057467095301,52.551310966273,4138.06751036695,-10000
"171",171,5.85226642837627,88.9823447550428,4138.06751036694,-10000
"172",172,4.97022468031904,84.7076208579826,4138.06751036694,-10000
"173",173,8.35556969004144,80.4881596816597,4138.06751036694,-10000
"174",174,3.37753242774131,36.4576466965609,4138.06751036694,-10000
"175",175,3.83224448259266,49.4299850341121,4138.06751036695,-10000
"176",176,4.58554801971772,39.9547177624418,4138.06751036694,-10000
"177",177,3.85639397542289,64.4354888367147,4138.06751036692,-10000
"178",178,6.15868468634965,91.6023621725171,4138.06751036695,-10000
"179",179,5.10988900931263,56.5161636288777,4138.06751036695,-10000
"180",180,4.54049695941539,79.0380614128216,4138.06751036694,-10000
"181",181,0.922279781051192,24.7039383074625,4138.06751036694,-10000
"182",182,4.98720308695685,87.2261753197342,4138.06751036694,-10000
"183",183,5.06812656063339,62.0365556708426,4138.06751036695,-10000
"184",184,3.46262783478358,70.6198054729242,4138.06751036695,-10000
"185",185,5.43272369692281,80.781930539992,4138.06751036693,-10000
"186",186,5.48317408514164,78.7103575820242,4138.06751036694,-10000
"187",187,0.821697221790008,45.5645103207154,4138.06751036696,-10000
"188",188,4.32594187056652,50.7861490290559,4138.06751036695,-10000
"189",189,3.76514688501501,56.0881212903446,4138.06751036694,-10000
"190",190,5.87406207504625,80.6501958875094,4138.06751036694,-10000
"191",191,2.37910516882354,46.9107306132056,4138.06751036693,-10000
"192",192,1.90582842480765,50.5173545458684,4138.06751036694,-10000
"193",193,3.05119074864837,48.1699976566685,4138.06751036694,-10000
"194",194,3.01371403858903,42.5456622198921,4138.06751036696,-10000
"195",195,5.53241793261736,47.5222743976752,4138.06751036694,-10000
"196",196,1.91681583681011,84.6293503441897,4138.06751036694,-10000
"197",197,2.75912355814681,40.4993212820002,4138.06751036694,-10000
"198",198,3.6449660059917,62.0310263735066,4138.06751036694,-10000
"199",199,2.8995042126273,64.6616910512238,4138.06751036695,-10000
"200",200,3.00119869281931,42.7998257183803,4138.06751036693,-10000
"201",201,4.5489236711354,50.9083072193333,4138.06751036695,-10000
"202",202,0.843657622525687,68.9958518467181,4138.06751036695,-10000
"203",203,2.42791445422359,46.3922057511261,4138.06751036695,-10000
"204",204,4.34752750546037,51.7157751990015,4138.06751036694,-10000
"205",205,4.3675550850721,42.317743263001,4138.06751036693,-10000
"206",206,6.66681908755353,58.8849146808162,4138.06751036694,-10000
"207",207,7.00491174884995,77.8039032984503,4138.06751036694,-10000
"208",208,3.92595991999287,48.240407095971,4138.06751036694,-10000
"209",209,9.11008644321803,70.8592633274146,4138.06751036694,-10000
"210",210,4.45672679047852,57.1995630501099,4138.06751036694,-10000
"211",211,3.80206307987155,59.1431380709432,4138.06751036693,-10000
"212",212,8.69651727968125,69.0804678132799,4138.06751036694,-10000
"213",213,5.13746765081628,64.0966694755856,4138.06751036694,-10000
"214",214,4.3459039171934,69.3785040462681,4138.06751036693,-10000
"215",215,4.75162617222198,51.2882487618591,4138.06751036695,-10000
"216",216,4.71560322620955,63.0917645419732,4138.06751036695,-10000
"217",217,0.760471168527085,25.3186694728899,4138.06751036694,-10000
"218",218,5.83602085229713,76.5880402952517,4138.06751036694,-10000
"219",219,3.75398050103429,50.6487373575663,4138.06751036694,-10000
"220",220,3.0318990803572,82.1466873932422,4138.06751036695,-10000
"221",221,7.25259669925583,90.8833774840293,4138.06751036693,-10000
"222",222,3.08557360284978,49.4681020057604,4138.06751036695,-10000
"223",223,4.4200168846344,87.2678733320749,4138.06751036694,-10000
"224",224,5.7406758274253,80.3181427063857,4138.06751036694,-10000
"225",225,6.57032661126077,85.5775012702311,4138.06751036694,-10000
"226",226,3.28904152660317,57.2348402017332,4138.06751036694,-10000
"227",227,0.337579547229373,29.7776401865207,4138.06751036694,-10000
"228",228,5.79899165352826,81.7517086540001,4138.06751036694,-10000
"229",229,3.40005628130078,69.3109035110102,4138.06751036694,-10000
"230",230,3.7220176777488,50.25737641374,4138.06751036694,-10000
"231",231,2.15559164050191,42.9576338699336,4138.06751036693,-10000
"232",232,1.04733390056122,36.5347198327551,4138.06751036694,-10000
"233",233,7.32505285866224,92.4479986600685,4138.06751036694,-10000
"234",234,0.738152883338563,67.8744272799093,4138.06751036692,-10000
"235",235,7.63684203559024,66.9706349584085,4138.06751036695,-10000
"236",236,6.66370545605991,80.0412108077662,4138.06751036694,-10000
"237",237,5.03282221027459,58.7111927303726,4138.06751036694,-10000
"238",238,1.45608881665045,32.9623599397883,4138.06751036693,-10000
"239",239,5.60021530091333,74.7288857556156,4138.06751036696,-10000
"240",240,2.65634054395857,31.2135490976655,4138.06751036693,-10000
"241",241,3.15822062901508,32.4884815158124,4138.06751036694,-10000
"242",242,2.13284190939533,41.7184409675934,4138.06751036694,-10000
"243",243,3.49908434253099,50.22125239993,4138.06751036694,-10000
"244",244,3.74932809824417,47.5628079811705,4138.06751036695,-10000
"245",245,4.45843120732077,47.7522282598246,4138.06751036693,-10000
"246",246,2.60768138116849,32.3422501338304,4138.06751036694,-10000
"247",247,3.22600940572102,51.4963117958991,4138.06751036694,-10000
"248",248,2.03605763437566,34.0211176750533,4138.06751036694,-10000
"249",249,1.39608374519896,44.3688845492241,4138.06751036694,-10000
"250",250,3.55803681118758,35.340940521949,4138.06751036694,-10000
"251",251,5.72708915591699,60.359336646208,4138.06751036694,-10000
"252",252,2.82459088676426,32.7908884072943,4138.06751036693,-10000
"253",253,2.89177487447237,39.3363096836532,4138.06751036695,-10000
"254",254,4.02565719077039,44.4661087279866,4138.06751036694,-10000
"255",255,2.48347017408487,61.4764900753281,4138.06751036694,-10000
"256",256,2.9138281092813,52.5830315361436,4138.06751036695,-10000
"257",257,4.99288251086345,54.1853352787845,4138.06751036694,-10000
"258",258,1.54454304238243,70.3959552768717,4138.06751036694,-10000
"259",259,2.0520159565359,52.4280252159397,4138.06751036693,-10000
"260",260,5.59497290000621,68.7138789998114,4138.06751036694,-10000
"261",261,1.17828885193929,38.4453385803435,4138.06751036694,-10000
"262",262,4.20864270142847,50.2337615198446,4138.06751036694,-10000
"263",263,2.80627024804757,33.002895452115,4138.06751036694,-10000
"264",264,4.72936190554229,76.0528829182844,4138.06751036694,-10000
"265",265,5.11259719922524,78.5202972118767,4138.06751036693,-10000
"266",266,2.54274333026228,63.5837643133297,4138.06751036694,-10000
"267",267,8.04980094332504,82.2786832396222,4138.06751036694,-10000
"268",268,5.93056045476944,72.4762196588245,4138.06751036694,-10000
"269",269,7.79029346022404,74.1983753066968,4138.06751036694,-10000
"270",270,4.08918478799339,48.6886076571851,4138.06751036694,-10000
"271",271,9.54150438377833,83.0903901831131,4138.06751036694,-10000
"272",272,4.35200372640795,82.6760051392333,4138.06751036694,-10000
"273",273,0.000661395946982678,0.141628077536741,4138.06751036696,-10000
"274",274,8.44259458127211,76.9885819695024,4138.06751036694,-10000
"275",275,4.73354404580852,58.8290744453956,4138.06751036694,-10000
"276",276,2.78773690282896,69.2026768921776,4138.06751036695,-10000
"277",277,2.70245573897641,65.5186271093497,4138.06751036694,-10000
"278",278,5.39342196616474,86.6367909629429,4138.06751036694,-10000
"279",279,7.46603515223912,89.2398890038772,4138.06751036694,-10000
"280",280,5.68565711006407,69.1640064822204,4138.06751036695,-10000
"281",281,4.1470592557452,64.459734398335,4138.06751036694,-10000
"282",282,3.88967204339677,74.7975951024998,4138.06751036695,-10000
"283",283,4.62279703853162,55.2782062177232,4138.06751036695,-10000
"284",284,3.17933469296568,48.2165485071205,4138.06751036693,-10000
"285",285,2.25904882507951,46.922153303683,4138.06751036695,-10000
"286",286,6.19413235357821,59.2441294251883,4138.06751036695,-10000
"287",287,6.8282399075337,60.1112560414777,4138.06751036695,-10000
"288",288,1.8713605820488,70.2850434819281,4138.06751036695,-10000
"289",289,2.97134065298453,43.729802300977,4138.06751036694,-10000
"290",290,1.08877169621382,17.2018720225132,4138.06751036695,-10000
"291",291,3.42059080126552,56.4957138350803,4138.06751036694,-10000
"292",292,6.41371907508447,66.9808640859858,4138.06751036693,-10000
"293",293,5.35104870908067,74.4973032367687,4138.06751036694,-10000
"294",294,5.34112268514039,88.6525700688938,4138.06751036695,-10000
"295",295,0.339688800141566,30.8648745513536,4138.06751036695,-10000
"296",296,5.65235560685352,75.5870663595209,4138.06751036695,-10000
"297",297,3.95136496768593,55.3046735483268,4138.06751036694,-10000
"298",298,2.36250012049391,50.4475214320963,4138.06751036693,-10000
"299",299,3.50238241612498,47.3280679164667,4138.06751036696,-10000
"300",300,3.7217210391501,44.2724059882183,4138.06751036693,-10000
"301",301,2.3194271458224,42.5567487477656,4138.06751036695,-10000
"302",302,3.46530223323189,38.7471783865808,4138.06751036694,-10000
"303",303,1.22566212292852,56.400761331506,4138.06751036694,-10000
"304",304,9.50054539823898,82.871120078676,4138.06751036695,-10000
"305",305,3.30255940715805,64.8070057281371,4138.06751036697,-10000
"306",306,4.18987319717713,76.2268829280884,4138.06751036694,-10000
"307",307,2.98657900593441,77.1582598823592,4138.06751036693,-10000
"308",308,6.25167640541613,89.6618870260118,4138.06751036694,-10000
"309",309,3.48587725579912,44.2813825665065,4138.06751036693,-10000
"310",310,5.45482829889187,57.1756255826149,4138.06751036694,-10000
"311",311,3.95129123033263,52.7902884305235,4138.06751036694,-10000
"312",312,2.6830923882128,43.5729172949787,4138.06751036694,-10000
"313",313,4.64085901928431,62.5818313397875,4138.06751036696,-10000
"314",314,2.60284714042441,45.5027029999308,4138.06751036693,-10000
"315",315,5.31453976261678,57.6883917173707,4138.06751036695,-10000
"316",316,6.06958004493182,53.7128254315527,4138.06751036694,-10000
"317",317,3.26227135141421,58.441425825511,4138.06751036695,-10000
"318",318,2.90660770468736,52.9152730533316,4138.06751036695,-10000
"319",319,3.60362122393107,67.1030363668753,4138.06751036694,-10000
"320",320,1.01603809354264,41.4756948967385,4138.06751036694,-10000
"321",321,1.58048149999031,38.0729402799208,4138.06751036695,-10000
"322",322,4.34140039225912,53.3131843635328,4138.06751036694,-10000
"323",323,4.21272778131799,63.0288699230375,4138.06751036695,-10000
"324",324,3.71654926860918,65.050856257524,4138.06751036693,-10000
"325",325,1.21142311669045,28.1683465423085,4138.06751036694,-10000
"326",326,2.88324461016289,57.0760273007511,4138.06751036694,-10000
"327",327,4.44252644116221,60.5630943262643,4138.06751036694,-10000
"328",328,3.83758839014313,53.3657573548794,4138.06751036694,-10000
"329",329,1.618410113923,38.6218331397823,4138.06751036693,-10000
"330",330,5.10882035824916,47.0540938188254,4138.06751036694,-10000
"331",331,6.33269427106145,93.1775957507597,4138.06751036694,-10000
"332",332,4.10626443336808,58.9315300237701,4138.06751036694,-10000
"333",333,2.4280841225593,44.6699939109459,4138.06751036695,-10000
"334",334,0.164699371883416,52.4110332856513,4138.06751036694,-10000
"335",335,2.95121761977349,82.4785739125574,4138.06751036693,-10000
"336",336,5.28528683299315,84.8465021658316,4138.06751036694,-10000
"337",337,5.92218720412071,70.5933800838511,4138.06751036694,-10000
"338",338,3.0724103983812,60.5627638892569,4138.06751036695,-10000
"339",339,5.74386190945946,63.8826479797167,4138.06751036695,-10000
"340",340,3.37876923596137,73.944004169672,4138.06751036692,-10000
"341",341,4.78148559243918,54.7496302076142,4138.06751036694,-10000
"342",342,3.96459887330046,54.829082457584,4138.06751036694,-10000
"343",343,4.6700105704155,76.0933101123983,4138.06751036695,-10000
"344",344,1.26654644355683,68.8825938406256,4138.06751036694,-10000
"345",345,1.58476970242312,68.1264092955643,4138.06751036696,-10000
"346",346,4.70107828793362,69.1514634467318,4138.06751036694,-10000
"347",347,2.11841743438242,90.3940520505337,4138.06751036694,-10000
"348",348,1.41685062276614,36.7291751795472,4138.06751036693,-10000
"349",349,4.82244251735796,63.4773112131812,4138.06751036694,-10000
"350",350,1.78790562040336,49.7374993151172,4138.06751036695,-10000
"351",351,2.88816269838893,85.7464797586747,4138.06751036695,-10000
"352",352,7.56028046772498,78.8000100705188,4138.06751036694,-10000
"353",353,3.50972322517785,39.8904971063076,4138.06751036694,-10000
"354",354,1.54205804642933,59.4668079204144,4138.06751036694,-10000
"355",355,4.54734601434192,53.0337696451627,4138.06751036693,-10000
"356",356,1.19190693041306,24.1578486876963,4138.06751036694,-10000
"357",357,0.844878963959347,35.2516090286357,4138.06751036694,-10000
"358",358,2.81708588293019,55.6993168314842,4138.06751036693,-10000
"359",359,1.9346897628948,54.859684601732,4138.06751036694,-10000
"360",360,8.73131651709176,77.8885241532368,4138.06751036694,-10000
"361",361,1.81586094978144,35.0833399470404,4138.06751036694,-10000
"362",362,7.40154802181527,70.2023619463673,4138.06751036693,-10000
"363",363,8.67295608882053,83.0243581469426,4138.06751036694,-10000
"364",364,4.91667101821935,66.4562411057518,4138.06751036695,-10000
"365",365,5.38460160291585,79.8988518695231,4138.06751036695,-10000
"366",366,5.3730432456009,73.8393967717434,4138.06751036694,-10000
"367",367,3.94167484205993,59.8153012408484,4138.06751036695,-10000
"368",368,7.5989445516842,88.3597433152897,4138.06751036695,-10000
"369",369,5.24286656578179,59.8598711266875,4138.06751036694,-10000
"370",370,3.94550202473179,63.5346907759344,4138.06751036694,-10000
"371",371,8.12857723013299,63.5081888029814,4138.06751036695,-10000
"372",372,4.0800523868358,54.5120280432763,4138.06751036693,-10000
"373",373,4.91697655681978,69.5440873411357,4138.06751036695,-10000
"374",374,0.86341255251269,40.3695913059905,4138.06751036694,-10000
"375",375,6.48650978377754,72.6516503579787,4138.06751036695,-10000
"376",376,4.52460716379703,59.6177557812935,4138.06751036694,-10000
"377",377,4.36670213983784,77.5189057894981,4138.06751036693,-10000
"378",378,4.32024277777801,83.9626450986623,4138.06751036695,-10000
"379",379,2.88787815340527,90.1168610854471,4138.06751036694,-10000
"380",380,0.270493831119544,24.0319102576485,4138.06751036695,-10000
"381",381,1.89824420074079,68.7629720276695,4138.06751036695,-10000
"382",382,6.93843807131166,71.5882490844895,4138.06751036695,-10000
"383",383,6.50949649668628,78.5060262070801,4138.06751036694,-10000
"384",384,5.47295869645464,77.7158719275033,4138.06751036695,-10000
"385",385,5.969231069003,65.1537106167173,4138.06751036694,-10000
"386",386,3.46756900774958,39.7670370037244,4138.06751036695,-10000
"387",387,1.84908473300108,27.1794547766896,4138.06751036695,-10000
"388",388,1.02051824740252,37.3389314427169,4138.06751036693,-10000
"389",389,5.1180116798016,49.3501210841022,4138.06751036695,-10000
"390",390,5.97643340987356,73.1924865795576,4138.06751036693,-10000
"391",391,1.50727924230091,40.1400897332636,4138.06751036694,-10000
"392",392,4.35142484238044,48.6559339773927,4138.06751036695,-10000
"393",393,3.12295901573801,49.7880022167569,4138.06751036694,-10000
"394",394,5.91343090922736,60.1585559157559,4138.06751036695,-10000
"395",395,10.2425893462505,90.938803314384,4138.06751036694,-10000
"396",396,4.07517453657934,78.2375688521282,4138.06751036694,-10000
"397",397,2.18261518777097,40.506771799567,4138.06751036695,-10000
"398",398,4.6499393913634,48.4392316095971,4138.06751036694,-10000
"399",399,7.33965384199446,59.4916810959928,4138.06751036694,-10000
"400",400,0.689074852303642,38.6214213436744,4138.06751036692,-10000
"401",401,1.24921393142269,55.2067477134037,4138.06751036693,-10000
"402",402,6.49251850251136,67.6245605539364,4138.06751036693,-10000
"403",403,5.96610203051767,61.2809072640525,4138.06751036694,-10000
"404",404,6.11153840726145,66.844207791374,4138.06751036694,-10000
"405",405,2.6056134576639,53.1315213413255,4138.06751036694,-10000
"406",406,0.869403908089135,27.9780354935935,4138.06751036694,-10000
"407",407,4.29298279018671,75.9947945989992,4138.06751036695,-10000
"408",408,2.96394823437998,54.538316272782,4138.06751036694,-10000
"409",409,4.82170236687342,70.8242452380708,4138.06751036694,-10000
"410",410,6.81261868287447,79.675518794036,4138.06751036695,-10000
"411",411,6.86508934221739,68.6599438275598,4138.06751036694,-10000
"412",412,2.57123111120315,40.0222311306322,4138.06751036696,-10000
"413",413,7.35383442113287,76.4148096421576,4138.06751036694,-10000
"414",414,3.82065308036653,41.0666966537891,4138.06751036694,-10000
"415",415,8.06990139830239,74.2211847752526,4138.06751036694,-10000
"416",416,8.34570891399358,73.3245558705664,4138.06751036694,-10000
"417",417,4.13849298301005,88.1691604361863,4138.06751036694,-10000
"418",418,3.16128816709514,55.848724477297,4138.06751036694,-10000
"419",419,6.40664620130436,58.2582376532093,4138.06751036695,-10000
"420",420,5.54658326406518,65.6057508684024,4138.06751036694,-10000
"421",421,2.15769862442877,59.1702453827536,4138.06751036694,-10000
"422",422,0.676526469841051,43.3724920071476,4138.06751036695,-10000
"423",423,2.24845927934971,40.6886331925193,4138.06751036695,-10000
"424",424,7.34446461117187,82.672635010097,4138.06751036694,-10000
"425",425,0.278667632570517,22.1523633067071,4138.06751036694,-10000
"426",426,3.46097882338027,65.2402803251647,4138.06751036694,-10000
"427",427,4.20052126619251,50.7145713347973,4138.06751036695,-10000
"428",428,6.49169292264614,55.3200937190672,4138.06751036694,-10000
"429",429,4.63077383540404,57.936824551028,4138.06751036695,-10000
"430",430,2.21541850364705,51.6047529331593,4138.06751036695,-10000
"431",431,7.12194399477368,61.0522163649385,4138.06751036694,-10000
"432",432,4.96867367363272,61.3040102423898,4138.06751036694,-10000
"433",433,7.15121470233219,75.8802069957273,4138.06751036694,-10000
"434",434,2.64456650252166,26.4975380227592,4138.06751036694,-10000
"435",435,3.21238952919535,60.6174425576053,4138.06751036695,-10000
"436",436,6.29306069593091,70.4543238262857,4138.06751036694,-10000
"437",437,3.25144844421371,55.6681281674396,4138.06751036694,-10000
"438",438,5.6076676833373,73.540055504175,4138.06751036694,-10000
"439",439,2.96695625605928,40.5856525687633,4138.06751036694,-10000
"440",440,2.65697778506385,42.3270640751621,4138.06751036694,-10000
"441",441,3.22569840866499,65.6021723332534,4138.06751036695,-10000
"442",442,6.09949084165258,90.8555728479894,4138.06751036694,-10000
"443",443,1.80906037518137,36.7183327032096,4138.06751036694,-10000
"444",444,5.0336570078404,68.9702650402862,4138.06751036694,-10000
"445",445,4.7226192138786,63.0761376098216,4138.06751036694,-10000
"446",446,7.02598482873317,56.6002125627715,4138.06751036696,-10000
"447",447,5.91194285981935,59.0557718512111,4138.06751036695,-10000
"448",448,1.5846859166132,47.2907559313075,4138.06751036694,-10000
"449",449,3.86308805976519,64.3194547727117,4138.06751036694,-10000
"450",450,3.69813353723732,35.8187323151469,4138.06751036694,-10000
"451",451,3.02492813066514,27.8626166264243,4138.06751036696,-10000
"452",452,3.47049439509893,44.06912222679,4138.06751036695,-10000
"453",453,4.63737755861766,65.0789101323331,4138.06751036695,-10000
"454",454,1.33152012198345,53.7930907506732,4138.06751036694,-10000
"455",455,0.891254892783957,33.0497700496923,4138.06751036694,-10000
"456",456,6.21381669700476,70.3740542281239,4138.06751036694,-10000
"457",457,3.50414137013772,47.2489368498184,4138.06751036695,-10000
"458",458,7.8055753383545,83.2830667881895,4138.06751036694,-10000
"459",459,4.84366901653158,67.0240475850536,4138.06751036695,-10000
"460",460,2.45543727824625,51.8377961764332,4138.06751036694,-10000
"461",461,1.13272076359627,72.9544605978131,4138.06751036695,-10000
"462",462,1.20397192135872,12.1097492913682,4138.06751036695,-10000
"463",463,2.58375916625554,60.3195782013039,4138.06751036694,-10000
"464",464,7.86491217915808,67.6955744615617,4138.06751036694,-10000
"465",465,2.14817709495212,42.2922308348043,4138.06751036693,-10000
"466",466,4.7659605691344,58.350090592892,4138.06751036694,-10000
"467",467,7.40910740277198,88.343956273974,4138.06751036695,-10000
"468",468,6.34341768511104,70.859825425423,4138.06751036693,-10000
"469",469,5.17066648062324,50.1662365988053,4138.06751036693,-10000
"470",470,1.16753332317904,21.6022767053195,4138.06751036695,-10000
"471",471,2.52608632914757,29.9473424723941,4138.06751036694,-10000
"472",472,2.98134939133431,32.7054799792832,4138.06751036693,-10000
"473",473,1.77304374804653,32.7042755730399,4138.06751036694,-10000
"474",474,4.10198843950261,52.000027875835,4138.06751036693,-10000
"475",475,0.542188377149316,40.8895344106895,4138.06751036694,-10000
"476",476,7.96548980846555,77.0415760210165,4138.06751036694,-10000
"477",477,4.26336298715495,79.5441816525627,4138.06751036694,-10000
"478",478,4.06361657196988,78.8386401221564,4138.06751036694,-10000
"479",479,0.991779005747253,49.2370777149208,4138.06751036694,-10000
"480",480,1.0200817894393,39.4154823318086,4138.06751036693,-10000
"481",481,4.42449596358839,40.0103673459002,4138.06751036694,-10000
"482",482,3.05963911968153,52.3216509530144,4138.06751036693,-10000
"483",483,1.7650084991683,35.3456121006143,4138.06751036695,-10000
"484",484,8.66320345795757,92.1180530407441,4138.06751036694,-10000
"485",485,5.66147776801808,53.9772848676738,4138.06751036696,-10000
"486",486,1.87268689277801,64.1683883055582,4138.06751036693,-10000
"487",487,6.88477075656357,80.431230748406,4138.06751036694,-10000
"488",488,2.94663962746256,72.8048546307098,4138.06751036695,-10000
"489",489,2.0172160858714,31.361333490828,4138.06751036693,-10000
"490",490,3.04743181432962,61.9175854328625,4138.06751036695,-10000
"491",491,5.37705833974649,66.4451594283825,4138.06751036693,-10000
"492",492,7.15975041813004,73.0626414681677,4138.06751036695,-10000
"493",493,1.26680768593658,38.6662801894972,4138.06751036694,-10000
"494",494,1.48945428761707,46.0287031663673,4138.06751036695,-10000
"495",495,3.55220917814609,52.4907664643777,4138.06751036694,-10000
"496",496,3.14722258718376,72.5394405166155,4138.06751036695,-10000
"497",497,4.22060696417032,78.6829512256505,4138.06751036695,-10000
"498",498,1.47313111388214,44.7844151689658,4138.06751036695,-10000
"499",499,5.43219574078159,69.9023835267281,4138.06751036694,-10000
"500",500,0.769811586278552,16.6165486617,4138.06751036694,-10000
"501",501,4.07653308328393,43.6010334842914,4138.06751036695,-10000
"502",502,3.95112684059951,68.7349339843367,4138.06751036694,-10000
"503",503,3.84037989582199,49.6992947383789,4138.06751036694,-10000
"504",504,5.42033345296699,57.7974662094334,4138.06751036694,-10000
"505",505,4.05013349938569,78.59631236932,4138.06751036696,-10000
"506",506,6.3196368468902,69.4373302702962,4138.06751036694,-10000
"507",507,5.70393089359161,69.2990041223213,4138.06751036694,-10000
"508",508,5.5103698596158,66.4470783601237,4138.06751036693,-10000
"509",509,2.74304234543049,47.5977293686886,4138.06751036695,-10000
"510",510,8.06109794066474,75.3487316331182,4138.06751036695,-10000
"511",511,4.84252376037509,48.7005752921754,4138.06751036694,-10000
"512",512,1.67228189070954,29.8683218394553,4138.06751036693,-10000
"513",513,8.10135466229529,69.4350216079818,4138.06751036695,-10000
"514",514,3.54705704018888,36.3728742660229,4138.06751036694,-10000
"515",515,5.08019437873388,44.4104325127075,4138.06751036694,-10000
"516",516,4.48031139039386,58.5291619802588,4138.06751036694,-10000
"517",517,5.86924576608443,83.2669887324198,4138.06751036695,-10000
"518",518,2.41802707701969,62.2916553558361,4138.06751036693,-10000
"519",519,2.5326086251974,62.9004260264175,4138.06751036695,-10000
"520",520,3.51464504592389,76.7488933817417,4138.06751036696,-10000
"521",521,4.85961929230044,70.6945829229824,4138.06751036694,-10000
"522",522,8.03115669291501,90.66945351447,4138.06751036694,-10000
"523",523,6.25419979151435,69.4954536007711,4138.06751036694,-10000
"524",524,3.11627698489499,41.4927526889191,4138.06751036695,-10000
"525",525,1.20698525292417,22.9837236815865,4138.06751036694,-10000
"526",526,4.88163938053328,54.8202613994001,4138.06751036695,-10000
"527",527,4.10282855034341,57.4660128126079,4138.06751036693,-10000
"528",528,1.42406011953271,44.5454582671636,4138.06751036694,-10000
"529",529,6.01178088458855,75.762238727355,4138.06751036695,-10000
"530",530,2.45409195038018,40.887202224975,4138.06751036694,-10000
"531",531,4.80572602188561,62.594179062682,4138.06751036695,-10000
"532",532,2.67363427859883,52.7999624659669,4138.06751036693,-10000
"533",533,0.912377600440614,75.9080349620137,4138.06751036693,-10000
"534",534,3.28767413042044,74.8593911669465,4138.06751036694,-10000
"535",535,2.73686267524551,52.5101995418766,4138.06751036695,-10000
"536",536,5.32230448930406,59.6595936289593,4138.06751036695,-10000
"537",537,1.84008729487193,59.3114096214528,4138.06751036695,-10000
"538",538,3.01885354438105,65.8829856190249,4138.06751036694,-10000
"539",539,6.32361923034184,71.0529003642961,4138.06751036694,-10000
"540",540,3.49497592337945,78.4869246101823,4138.06751036694,-10000
"541",541,2.27691246026685,43.4398563439486,4138.06751036693,-10000
"542",542,3.45940241997558,58.0284829083444,4138.06751036695,-10000
"543",543,4.61762083475685,73.5936187379046,4138.06751036694,-10000
"544",544,2.1107776512566,63.4011304884108,4138.06751036694,-10000
"545",545,3.50260667420335,50.657002485033,4138.06751036694,-10000
"546",546,3.38643743174548,81.2787009207945,4138.06751036695,-10000
"547",547,2.79287993506788,68.3043313631802,4138.06751036695,-10000
"548",548,4.14613850322917,33.8168568891709,4138.06751036694,-10000
"549",549,4.05653625261418,63.6552511193804,4138.06751036694,-10000
"550",550,0.527578317903136,33.5126686036224,4138.06751036695,-10000
"551",551,1.6026622579993,68.360045995451,4138.06751036696,-10000
"552",552,3.31963089754275,73.7849671675724,4138.06751036695,-10000
"553",553,8.86852293503402,86.9709102342984,4138.06751036694,-10000
"554",554,6.49525304609733,57.4673045727405,4138.06751036695,-10000
"555",555,1.17361625558515,48.2525694991022,4138.06751036694,-10000
"556",556,6.79372214213317,67.0550080975025,4138.06751036694,-10000
"557",557,2.57695094871397,34.3623083513042,4138.06751036695,-10000
"558",558,0.150717361460386,35.8819397832187,4138.06751036694,-10000
"559",559,3.65782032816667,78.9384631220135,4138.06751036693,-10000
"560",560,4.44584760222111,90.1913257223222,4138.06751036694,-10000
"561",561,1.44482119640697,49.9118761851441,4138.06751036696,-10000
"562",562,5.97477019041621,78.0658911137224,4138.06751036694,-10000
"563",563,7.46102375851363,70.9488152994983,4138.06751036694,-10000
"564",564,0.642167671718064,30.3516756670985,4138.06751036693,-10000
"565",565,3.030810269688,46.0639069985364,4138.06751036694,-10000
"566",566,1.98264265295851,53.1519358348136,4138.06751036694,-10000
"567",567,4.08812230919931,57.3580445290072,4138.06751036692,-10000
"568",568,5.30544623769402,56.0982863845284,4138.06751036694,-10000
"569",569,2.69479378763663,58.4525005099429,4138.06751036694,-10000
"570",570,3.09971229500626,83.8273381405616,4138.06751036696,-10000
"571",571,1.19729500734817,45.9101070219998,4138.06751036693,-10000
"572",572,9.6296948319272,69.4193959572299,4138.06751036695,-10000
"573",573,4.95913649413498,50.116027627463,4138.06751036694,-10000
"574",574,6.5808618753627,82.5123086436318,4138.06751036693,-10000
"575",575,3.92147337695701,46.2936798794113,4138.06751036694,-10000
"576",576,0.622965023377194,35.6124165892857,4138.06751036695,-10000
"577",577,5.88323288859023,50.2727241775163,4138.06751036694,-10000
"578",578,0.401718489600778,17.5961329244091,4138.06751036696,-10000
"579",579,3.8138440173415,48.5037871383183,4138.06751036695,-10000
"580",580,6.92187290211717,72.3114549449355,4138.06751036694,-10000
"581",581,2.79679896880605,47.8292688909212,4138.06751036694,-10000
"582",582,1.16033337623641,43.7330586296451,4138.06751036693,-10000
"583",583,5.64614703900146,65.7036521671562,4138.06751036694,-10000
"584",584,4.00054614664433,43.7010409215805,4138.06751036694,-10000
"585",585,2.55937947972221,90.6488067008192,4138.06751036694,-10000
"586",586,3.86679087984343,63.9572757409302,4138.06751036694,-10000
"587",587,6.2932707583212,85.8246204456282,4138.06751036694,-10000
"588",588,4.27167949193757,67.1276356836614,4138.06751036694,-10000
"589",589,1.46110451614102,55.0855307651494,4138.06751036694,-10000
"590",590,6.52061427326961,66.0586219718116,4138.06751036694,-10000
"591",591,2.88648615471017,60.3034179235629,4138.06751036694,-10000
"592",592,4.99289016374251,68.4069560621133,4138.06751036695,-10000
"593",593,2.09808583927403,47.5599783503977,4138.06751036694,-10000
"594",594,3.15549735929603,62.9744616904937,4138.06751036695,-10000
"595",595,0.68019576665845,41.1189972477056,4138.06751036694,-10000
"596",596,4.00345755539123,71.9000419525114,4138.06751036694,-10000
"597",597,5.4599659842584,89.4035610960497,4138.06751036694,-10000
"598",598,5.8618939744715,70.5255339452382,4138.06751036693,-10000
"599",599,2.08794161199361,32.9634200716356,4138.06751036694,-10000
"600",600,3.84534951062198,57.7419565110217,4138.06751036695,-10000
"601",601,5.50790824748222,52.1944679023757,4138.06751036694,-10000
"602",602,1.84847560729585,65.6572799413702,4138.06751036695,-10000
"603",603,5.33226423396503,59.105169992881,4138.06751036695,-10000
"604",604,6.94007232000361,52.9951612624807,4138.06751036694,-10000
"605",605,3.13235866569912,81.8351559461299,4138.06751036695,-10000
"606",606,3.74700550326053,50.0096619939619,4138.06751036694,-10000
"607",607,2.78219281092839,44.2993710762531,4138.06751036694,-10000
"608",608,0.659237281926259,24.4439078750833,4138.06751036694,-10000
"609",609,1.94467378158497,71.6269301999566,4138.06751036695,-10000
"610",610,1.83091158896616,88.8693685469428,4138.06751036693,-10000
"611",611,4.99255455724396,85.2523467971485,4138.06751036695,-10000
"612",612,6.45960001786233,70.5245966817813,4138.06751036694,-10000
"613",613,1.85774948624618,48.899441928601,4138.06751036695,-10000
"614",614,3.22147685916404,48.4481167142624,4138.06751036693,-10000
"615",615,0.613347614679871,36.5352068406355,4138.06751036695,-10000
"616",616,1.5068731057081,10.9173652799837,4138.06751036694,-10000
"617",617,2.57523889581628,32.9822357760035,4138.06751036694,-10000
"618",618,4.99147869879332,64.5752404622681,4138.06751036695,-10000
"619",619,5.1281417037906,77.3258776468498,4138.06751036694,-10000
"620",620,4.17568370693507,48.4595834483913,4138.06751036695,-10000
"621",621,1.88558117030118,37.5736936892839,4138.06751036694,-10000
"622",622,2.24891398244384,42.4718828514882,4138.06751036695,-10000
"623",623,1.40355863372227,47.4355841319935,4138.06751036694,-10000
"624",624,2.61973042806026,50.1079297818517,4138.06751036695,-10000
"625",625,1.15816788760585,57.3067627830704,4138.06751036696,-10000
"626",626,6.64464861992789,86.7937599392132,4138.06751036693,-10000
"627",627,4.37373543026315,52.256787476883,4138.06751036695,-10000
"628",628,8.93577280020067,74.7831941591657,4138.06751036694,-10000
"629",629,7.3251712206991,64.4323916178148,4138.06751036694,-10000
"630",630,4.76861890294255,56.4266078296337,4138.06751036694,-10000
"631",631,1.41165795062724,36.8070884245406,4138.06751036695,-10000
"632",632,3.59303304933026,55.3767465817017,4138.06751036695,-10000
"633",633,2.99698813833691,47.0716599334211,4138.06751036694,-10000
"634",634,2.46984892371353,52.0935433651522,4138.06751036694,-10000
"635",635,8.37437206621633,87.820386360706,4138.06751036694,-10000
"636",636,0.169938310176887,8.79919359086789,4138.06751036695,-10000
"637",637,5.83225581073062,59.9882175009491,4138.06751036695,-10000
"638",638,6.75191756755181,62.9975895767806,4138.06751036695,-10000
"639",639,3.75066758721556,75.0602274033931,4138.06751036695,-10000
"640",640,7.15939842653878,88.5166904492513,4138.06751036694,-10000
"641",641,4.18532455623819,71.7378328448906,4138.06751036694,-10000
"642",642,8.52793550317175,85.6258669949947,4138.06751036694,-10000
"643",643,2.46196234057406,68.929298654666,4138.06751036694,-10000
"644",644,4.92576988245766,85.6670764200658,4138.06751036695,-10000
"645",645,2.96485764805009,63.9341206193522,4138.06751036695,-10000
"646",646,1.63313792266246,40.0681695857983,4138.06751036694,-10000
"647",647,1.65919671291571,47.6243492443093,4138.06751036694,-10000
"648",648,1.59427404780973,33.9180495286135,4138.06751036693,-10000
"649",649,5.80215531781018,84.3631325710109,4138.06751036694,-10000
"650",650,2.55280232935288,67.5006226678895,4138.06751036694,-10000
"651",651,5.46082293639572,80.9950622781777,4138.06751036694,-10000
"652",652,2.38434579102272,33.7611568963144,4138.06751036695,-10000
"653",653,9.69951945750212,88.0495505009995,4138.06751036694,-10000
"654",654,5.61441056619799,47.5777506584726,4138.06751036694,-10000
"655",655,4.28783580167391,64.3006363158777,4138.06751036694,-10000
"656",656,3.09030603875303,57.8550757025041,4138.06751036695,-10000
"657",657,1.39083356519084,46.3727328088767,4138.06751036694,-10000
"658",658,7.33802616235573,68.2937989952,4138.06751036694,-10000
"659",659,5.13680502148805,84.6452366292829,4138.06751036694,-10000
"660",660,4.32199420360084,57.6330606397961,4138.06751036694,-10000
"661",661,3.69027184486251,44.8340555869074,4138.06751036694,-10000
"662",662,2.56074295033536,63.7933185575559,4138.06751036693,-10000
"663",663,1.40990382136949,29.9867188540457,4138.06751036693,-10000
"664",664,7.51575056920428,83.6903429250405,4138.06751036694,-10000
"665",665,4.30755267989252,57.7489743093309,4138.06751036694,-10000
"666",666,1.5778989011255,79.0981972882084,4138.06751036695,-10000
"667",667,2.513111737753,70.6176415291235,4138.06751036694,-10000
"668",668,7.54107254572274,89.6612280657963,4138.06751036694,-10000
"669",669,2.2371825061188,62.0906800583019,4138.06751036695,-10000
"670",670,4.65792153961602,46.7683441371416,4138.06751036695,-10000
"671",671,5.73480799657583,64.1348136497328,4138.06751036692,-10000
"672",672,4.38192313787255,38.4198077397247,4138.06751036694,-10000
"673",673,2.52717557568437,35.6280206867674,4138.06751036694,-10000
"674",674,5.66556681775781,77.8915696668208,4138.06751036694,-10000
"675",675,4.82686722313278,43.5163571806647,4138.06751036693,-10000
"676",676,7.21378127330805,65.3622920888566,4138.06751036695,-10000
"677",677,4.12334730394592,52.9139466101219,4138.06751036693,-10000
"678",678,1.51605638040115,49.3193363405306,4138.06751036695,-10000
"679",679,4.32716555071421,49.5425833794047,4138.06751036695,-10000
"680",680,1.02106260842148,29.3559020430868,4138.06751036694,-10000
"681",681,3.00388330291043,65.6548532874862,4138.06751036694,-10000
"682",682,3.15486888181346,50.2681079926215,4138.06751036694,-10000
"683",683,5.00898656044645,51.4769046927235,4138.06751036694,-10000
"684",684,2.09375859588348,44.5489568351756,4138.06751036695,-10000
"685",685,1.46008507351678,22.6937505127806,4138.06751036695,-10000
"686",686,4.01087359981177,71.7163893403595,4138.06751036695,-10000
"687",687,1.48944007056332,50.5608630773199,4138.06751036695,-10000
"688",688,1.13139595042367,25.4806428613329,4138.06751036694,-10000
"689",689,9.49006865541306,84.6846216547173,4138.06751036695,-10000
"690",690,3.81115613025647,74.3618437567579,4138.06751036694,-10000
"691",691,1.77933186196923,30.2570283132513,4138.06751036696,-10000
"692",692,2.21757410940032,40.3029856236931,4138.06751036694,-10000
"693",693,3.63201008160364,49.2345948519465,4138.06751036694,-10000
"694",694,2.31978321594293,63.4577850693988,4138.06751036693,-10000
"695",695,2.84293083306871,48.3327776826552,4138.06751036694,-10000
"696",696,2.404211742854,46.2538836094701,4138.06751036695,-10000
"697",697,1.89209195973377,50.8961184844773,4138.06751036694,-10000
"698",698,6.95972919723395,63.3678600808687,4138.06751036694,-10000
"699",699,6.51107325048077,64.6581702328251,4138.06751036694,-10000
"700",700,5.33976472851334,67.5145508404395,4138.06751036694,-10000
"701",701,3.23816012471872,60.6797078186068,4138.06751036694,-10000
"702",702,4.8936286116474,84.4738077426233,4138.06751036695,-10000
"703",703,2.41722762410903,46.8382666283614,4138.06751036694,-10000
"704",704,1.56132434941507,28.2790938446993,4138.06751036695,-10000
"705",705,2.94739069773228,77.222796057142,4138.06751036694,-10000
"706",706,1.15047779423415,39.2660925174473,4138.06751036694,-10000
"707",707,3.02318084991923,46.9598724887391,4138.06751036694,-10000
"708",708,4.01592681244465,52.9619028220908,4138.06751036695,-10000
"709",709,3.55081611060161,64.4691268734946,4138.06751036695,-10000
"710",710,6.40931063043314,75.5718648871398,4138.06751036693,-10000
"711",711,1.84289513316138,38.883156051728,4138.06751036695,-10000
"712",712,7.95345342847491,71.9441994873183,4138.06751036694,-10000
"713",713,2.1172664421823,30.6008296562545,4138.06751036695,-10000
"714",714,3.0277289841772,71.5473615581383,4138.06751036694,-10000
"715",715,4.89502050626353,47.6255889626372,4138.06751036693,-10000
"716",716,4.01551612019467,52.1695272532561,4138.06751036694,-10000
"717",717,3.8928020029724,58.5691705147813,4138.06751036694,-10000
"718",718,3.27617045275801,44.7598795404829,4138.06751036694,-10000
"719",719,3.31015870683349,61.9620765055458,4138.06751036694,-10000
"720",720,3.04836127984001,58.9622478662625,4138.06751036695,-10000
"721",721,6.45771494217522,73.471297382638,4138.06751036694,-10000
"722",722,1.39865500296122,66.9959424245344,4138.06751036693,-10000
"723",723,4.26539626282693,40.1035365897723,4138.06751036695,-10000
"724",724,5.66293414309907,65.2121409027047,4138.06751036695,-10000
"725",725,2.93494921112755,38.4843885886378,4138.06751036693,-10000
"726",726,3.34974962482088,72.1780322309978,4138.06751036694,-10000
"727",727,4.29558087329613,69.7211879832909,4138.06751036695,-10000
"728",728,6.04661082675695,82.0255950062777,4138.06751036694,-10000
"729",729,5.47123105246532,79.4065403836153,4138.06751036694,-10000
"730",730,3.56814524502508,56.9359670646845,4138.06751036694,-10000
"731",731,3.72716424904351,61.562651903633,4138.06751036695,-10000
"732",732,8.30114354480344,78.2360279216419,4138.06751036694,-10000
"733",733,2.28223670752959,55.0121575168997,4138.06751036693,-10000
"734",734,0.703911734007323,25.9470198468534,4138.06751036694,-10000
"735",735,1.78453422830282,23.7654145953313,4138.06751036694,-10000
"736",736,5.06891883106736,62.7095297880782,4138.06751036694,-10000
"737",737,4.43083176844894,88.5759892425537,4138.06751036694,-10000
"738",738,5.08614259755906,61.2214442650759,4138.06751036694,-10000
"739",739,5.85561285943719,59.4760979604571,4138.06751036695,-10000
"740",740,10.1028232167542,84.3799244957368,4138.06751036694,-10000
"741",741,4.61966364821658,62.5894264973526,4138.06751036694,-10000
"742",742,6.07060681931872,61.4760945774168,4138.06751036694,-10000
"743",743,2.87409639025755,55.2021139258333,4138.06751036695,-10000
"744",744,7.39799217834811,73.1637672728905,4138.06751036694,-10000
"745",745,2.65045628273876,54.7867857369742,4138.06751036695,-10000
"746",746,3.32318984812232,52.9524304034641,4138.06751036695,-10000
"747",747,3.98786285655973,61.5802966164655,4138.06751036693,-10000
"748",748,3.65219906996362,85.2095504750444,4138.06751036692,-10000
"749",749,4.30009199003937,52.0890591449133,4138.06751036694,-10000
"750",750,0.681555457354364,36.0072658607933,4138.06751036694,-10000
"751",751,6.39652588910592,59.0015983002781,4138.06751036693,-10000
"752",752,2.21595399388319,61.983251364558,4138.06751036694,-10000
"753",753,1.17839846970221,43.0715527177043,4138.06751036694,-10000
"754",754,2.97227839255218,53.744928103739,4138.06751036694,-10000
"755",755,4.64939523428866,44.0419620387473,4138.06751036696,-10000
"756",756,4.87657783336177,72.0137518194956,4138.06751036694,-10000
"757",757,3.98541575692195,78.9466511281588,4138.06751036693,-10000
"758",758,2.21327968062445,61.3082931255798,4138.06751036693,-10000
"759",759,2.18399315982189,35.732861285559,4138.06751036693,-10000
"760",760,2.27064780030773,48.2598095847179,4138.06751036694,-10000
"761",761,2.74510827978978,41.6611243976424,4138.06751036694,-10000
"762",762,2.35063533627817,70.8327008456998,4138.06751036695,-10000
"763",763,8.97872920831004,82.483822478492,4138.06751036694,-10000
"764",764,3.65654086659932,37.3316616428801,4138.06751036694,-10000
"765",765,5.17164913677038,66.7108634345587,4138.06751036695,-10000
"766",766,6.1319073647756,60.1937537197917,4138.06751036694,-10000
"767",767,1.4230030758867,40.5969729517344,4138.06751036695,-10000
"768",768,1.97175097412336,79.5715940530377,4138.06751036694,-10000
"769",769,6.31114852440531,59.4337150644014,4138.06751036695,-10000
"770",770,4.86157295905413,84.3576801271242,4138.06751036694,-10000
"771",771,2.71887755540907,43.6019344499544,4138.06751036696,-10000
"772",772,1.88633536450256,41.0906030313317,4138.06751036694,-10000
"773",773,8.46366403591324e-08,3.16315045461233e-05,4138.06751036694,-10000
"774",774,5.28098419335766,83.813313267932,4138.06751036695,-10000
"775",775,6.05076784157889,89.1298564026576,4138.06751036694,-10000
"776",776,4.04097766718888,37.8157984548035,4138.06751036695,-10000
"777",777,3.39130142710593,81.2572770507607,4138.06751036694,-10000
"778",778,4.16893678029912,55.5011415813941,4138.06751036695,-10000
"779",779,0.59165655942744,45.2545316923338,4138.06751036695,-10000
"780",780,0.263197002660535,25.5785698894728,4138.06751036695,-10000
"781",781,1.91050566493119,46.2409146959751,4138.06751036694,-10000
"782",782,6.9697376121742,81.6086740867731,4138.06751036693,-10000
"783",783,4.99529496902239,47.5378070994669,4138.06751036693,-10000
"784",784,3.26454910496176,67.1881054691395,4138.06751036694,-10000
"785",785,2.42929575337103,41.3011802736521,4138.06751036695,-10000
"786",786,7.65370382886169,88.0055920104738,4138.06751036694,-10000
"787",787,1.58244678723735,44.2911695594639,4138.06751036694,-10000
"788",788,1.23660432220129,37.667520042711,4138.06751036695,-10000
"789",789,3.72225314151449,55.3727289905802,4138.06751036694,-10000
"790",790,6.09477594587621,79.4153083143542,4138.06751036694,-10000
"791",791,1.81867291142733,56.0839454403187,4138.06751036695,-10000
"792",792,0.854419276868272,33.7880590115655,4138.06751036694,-10000
"793",793,2.90738737217604,41.486306009424,4138.06751036694,-10000
"794",794,1.73502680930473,35.5826416734983,4138.06751036694,-10000
"795",795,4.23129611618968,41.0177840041464,4138.06751036694,-10000
"796",796,4.58430073274649,45.973722502269,4138.06751036694,-10000
"797",797,5.11533535581381,64.4199202243932,4138.06751036694,-10000
"798",798,5.80306648359215,71.7327343851916,4138.06751036695,-10000
"799",799,0.884815437368441,44.7426398517737,4138.06751036695,-10000
"800",800,1.63195470060328,41.5876080798147,4138.06751036693,-10000
"801",801,1.05226385117881,64.5764397653939,4138.06751036694,-10000
"802",802,7.61547386863045,77.5135174826442,4138.06751036695,-10000
"803",803,2.82908448479353,66.0286927456943,4138.06751036694,-10000
"804",804,8.41989687708127,71.272142888633,4138.06751036694,-10000
"805",805,3.53115883428335,51.6858991805388,4138.06751036694,-10000
"806",806,3.71428637440622,54.9797320491809,4138.06751036694,-10000
"807",807,1.03655588240291,25.0025986636002,4138.06751036696,-10000
"808",808,3.01430955376052,64.1696092195058,4138.06751036693,-10000
"809",809,4.56244820532614,78.0984971365615,4138.06751036695,-10000
"810",810,2.63377179209985,39.2278217633534,4138.06751036694,-10000
"811",811,7.42425527841135,79.1326986436624,4138.06751036694,-10000
"812",812,5.01936108237845,86.3234778047939,4138.06751036694,-10000
"813",813,0.765877221683563,35.1371027611358,4138.06751036694,-10000
"814",814,3.22654394906117,52.4281142250079,4138.06751036695,-10000
"815",815,7.23289250866771,81.2161802420975,4138.06751036695,-10000
"816",816,3.47146334964246,57.2085332852254,4138.06751036695,-10000
"817",817,3.10039180528645,70.1620952687693,4138.06751036694,-10000
"818",818,5.18131687581438,58.6107919036608,4138.06751036695,-10000
"819",819,2.92919509935327,40.6346602612711,4138.06751036694,-10000
"820",820,5.41901329489572,67.2227647710373,4138.06751036694,-10000
"821",821,4.2833760714686,66.9439306354012,4138.06751036695,-10000
"822",822,0.393020788595146,38.9958679317418,4138.06751036695,-10000
"823",823,2.10731044101402,67.918420657804,4138.06751036694,-10000
"824",824,3.7744342881987,51.5115392981797,4138.06751036693,-10000
"825",825,5.13939252672418,72.947785417441,4138.06751036694,-10000
"826",826,1.56924333766676,43.4737411513679,4138.06751036694,-10000
"827",827,5.73327212883643,61.4993467127778,4138.06751036694,-10000
"828",828,3.63043466850751,44.0645449241595,4138.06751036694,-10000
"829",829,1.6421458037996,52.2589143196067,4138.06751036694,-10000
"830",830,3.03413589910142,47.9008036897333,4138.06751036694,-10000
"831",831,1.40881985049783,49.3722734055092,4138.06751036693,-10000
"832",832,1.79834052527071,28.5739914982422,4138.06751036694,-10000
"833",833,4.17486934552933,74.9418204461023,4138.06751036694,-10000
"834",834,3.76458638294321,36.4699348415638,4138.06751036694,-10000
"835",835,1.6553887270772,26.7203471834584,4138.06751036693,-10000
"836",836,3.0275152097845,59.0426002297954,4138.06751036693,-10000
"837",837,3.93862082115582,39.3440006346113,4138.06751036694,-10000
"838",838,1.40142968092932,34.8433100483087,4138.06751036696,-10000
"839",839,3.47662015829047,53.537983289923,4138.06751036694,-10000
"840",840,4.05525415734264,70.163362906507,4138.06751036694,-10000
"841",841,1.08785719957449,33.6373730613465,4138.06751036695,-10000
"842",842,3.65621881751641,45.8359077850134,4138.06751036693,-10000
"843",843,4.37746646845768,40.6394201662866,4138.06751036694,-10000
"844",844,2.06367316817423,60.1226034297983,4138.06751036692,-10000
"845",845,3.71595986713958,56.7685572918737,4138.06751036693,-10000
"846",846,0.342024339166654,22.9031079455424,4138.06751036694,-10000
"847",847,5.32106147106201,70.0071358622428,4138.06751036694,-10000
"848",848,3.84918387316814,42.9387402336641,4138.06751036695,-10000
"849",849,2.26166130556442,36.6455017028788,4138.06751036695,-10000
"850",850,2.97421684476422,48.6017024549416,4138.06751036694,-10000
"851",851,5.08392811047793,49.6209792760061,4138.06751036694,-10000
"852",852,2.9946047109806,82.8251553892106,4138.06751036695,-10000
"853",853,3.28120747935736,80.245686191292,4138.06751036694,-10000
"854",854,4.47436640257789,48.9171886467024,4138.06751036694,-10000
"855",855,2.75556934435404,62.4070487248716,4138.06751036694,-10000
"856",856,1.0624486656058,30.7526136259116,4138.06751036693,-10000
"857",857,4.52574267243509,54.6122966668419,4138.06751036695,-10000
"858",858,2.43607198222991,44.0296671104244,4138.06751036693,-10000
"859",859,3.29440782266297,49.3321622697604,4138.06751036693,-10000
"860",860,3.80667846610269,51.7079983651079,4138.06751036694,-10000
"861",861,5.18707731741899,50.4770228363268,4138.06751036696,-10000
"862",862,2.18540808556974,47.8191067589416,4138.06751036694,-10000
"863",863,1.45231269965652,67.7966337488247,4138.06751036694,-10000
"864",864,1.52133993051658,60.4479493666302,4138.06751036693,-10000
"865",865,3.56162656813206,38.0246704214127,4138.06751036694,-10000
"866",866,5.71353173350389,55.166141725887,4138.06751036695,-10000
"867",867,7.34953403606016,71.7079473852621,4138.06751036695,-10000
"868",868,5.68648845680837,81.582934907501,4138.06751036695,-10000
"869",869,3.11171416682314,33.9097754982057,4138.06751036695,-10000
"870",870,5.92349315069333,62.4390575141964,4138.06751036695,-10000
"871",871,0.722854183270484,75.9011710957964,4138.06751036694,-10000
"872",872,0.395258475652787,45.0452544064887,4138.06751036694,-10000
"873",873,3.21031013639191,92.6834559767971,4138.06751036695,-10000
"874",874,3.54834341234354,59.4931267719553,4138.06751036694,-10000
"875",875,8.31065210988731,85.0543904806622,4138.06751036695,-10000
"876",876,1.34980231695502,36.7459301681457,4138.06751036694,-10000
"877",877,3.21415779144859,57.0623305604299,4138.06751036694,-10000
"878",878,8.32175595791555,68.735331098684,4138.06751036695,-10000
"879",879,1.87757347617138,59.0806798885794,4138.06751036693,-10000
"880",880,4.04943696551475,56.5119232464273,4138.06751036695,-10000
"881",881,3.62790364260499,40.6711734931633,4138.06751036694,-10000
"882",882,2.05489749382154,54.3286734997572,4138.06751036695,-10000
"883",883,1.3819863974329,40.3637127268793,4138.06751036695,-10000
"884",884,5.28959873783487,57.3708703676058,4138.06751036695,-10000
"885",885,4.56382493464661,63.9632467644321,4138.06751036695,-10000
"886",886,4.39405184975483,74.6905657223488,4138.06751036696,-10000
"887",887,5.85301761939034,75.5287967352695,4138.06751036694,-10000
"888",888,1.2086686371629,14.616475259232,4138.06751036695,-10000
"889",889,3.5256744460469,57.4407313057337,4138.06751036694,-10000
"890",890,7.3007373517748,87.9791543159955,4138.06751036694,-10000
"891",891,3.19970336947565,45.7029212820654,4138.06751036694,-10000
"892",892,5.98072818474343,63.4365591948073,4138.06751036694,-10000
"893",893,1.49248534647599,37.7995843185223,4138.06751036695,-10000
"894",894,3.68225271074557,69.5896430536137,4138.06751036694,-10000
"895",895,2.78951561137265,34.4650696447372,4138.06751036694,-10000
"896",896,1.17075081703465,48.2660024538405,4138.06751036694,-10000
"897",897,3.74428553975701,33.8122977684875,4138.06751036695,-10000
"898",898,1.95862870406708,56.917622679148,4138.06751036694,-10000
"899",899,4.44357020159619,61.2348396686706,4138.06751036694,-10000
"900",900,2.35954252575301,52.8573095268024,4138.06751036694,-10000
"901",901,9.37764045705073,73.9160353925911,4138.06751036694,-10000
"902",902,1.41143679021103,40.4627565116053,4138.06751036695,-10000
"903",903,1.5298084237412,47.9726238765259,4138.06751036695,-10000
"904",904,3.80830794879181,70.0943639095524,4138.06751036695,-10000
"905",905,2.53046759609216,49.5810266776702,4138.06751036695,-10000
"906",906,5.2372182742575,60.5365299084972,4138.06751036695,-10000
"907",907,1.12458079535255,75.7258258305329,4138.06751036694,-10000
"908",908,8.17975646785098,69.2714781588266,4138.06751036694,-10000
"909",909,4.67922817649188,50.5423279139593,4138.06751036696,-10000
"910",910,6.84716000852674,73.4351763090541,4138.06751036694,-10000
"911",911,4.78406491038821,71.1407657534433,4138.06751036694,-10000
"912",912,3.64435571696992,42.871792450352,4138.06751036695,-10000
"913",913,8.18842800222385,79.6442884335353,4138.06751036695,-10000
"914",914,0.881318882404836,32.5625956758524,4138.06751036694,-10000
"915",915,1.88401639197236,40.8615984891003,4138.06751036693,-10000
"916",916,1.12830282237117,35.5993893841767,4138.06751036695,-10000
"917",917,6.437085841967,73.6043784491984,4138.06751036694,-10000
"918",918,2.73489047039839,70.9657642991002,4138.06751036694,-10000
"919",919,7.54481904870932,85.6048816123017,4138.06751036694,-10000
"920",920,4.26357684995605,50.9743425338515,4138.06751036695,-10000
"921",921,1.04547997348534,41.4091606017726,4138.06751036694,-10000
"922",922,3.9847473151133,42.7181524184674,4138.06751036694,-10000
"923",923,4.22428025179516,68.4034716614313,4138.06751036693,-10000
"924",924,4.03514626426849,56.3502801840917,4138.06751036695,-10000
"925",925,0.921517838178261,42.939171120412,4138.06751036695,-10000
"926",926,4.99910576511229,58.0911524334952,4138.06751036694,-10000
"927",927,4.74409088478655,79.1128276975044,4138.06751036695,-10000
"928",928,5.79834325457831,80.9584394713284,4138.06751036695,-10000
"929",929,2.19260308839222,40.8940960524755,4138.06751036694,-10000
"930",930,3.34105339949475,49.3871823335004,4138.06751036694,-10000
"931",931,2.35809485451766,52.8503711287106,4138.06751036694,-10000
"932",932,6.55110586071141,61.8186183740065,4138.06751036695,-10000
"933",933,4.0966209183069,39.4625521019062,4138.06751036696,-10000
"934",934,6.18375744232392,73.1124911687082,4138.06751036694,-10000
"935",935,5.95383427212299,62.1984673979275,4138.06751036694,-10000
"936",936,7.62690845490214,80.4878271465134,4138.06751036693,-10000
"937",937,5.62765770926496,59.4436671732359,4138.06751036694,-10000
"938",938,7.03776317957075,80.6007982066673,4138.06751036694,-10000
"939",939,4.30783284587774,54.4758316425202,4138.06751036694,-10000
"940",940,6.43894337838841,69.0651675730404,4138.06751036693,-10000
"941",941,5.43458546528979,57.0435902073263,4138.06751036694,-10000
"942",942,8.11910764566168,85.5187499561485,4138.06751036695,-10000
"943",943,2.63196768589212,45.551534332028,4138.06751036694,-10000
"944",944,2.56673172973231,52.3575369382289,4138.06751036692,-10000
"945",945,6.60077336190309,71.8956330330033,4138.06751036695,-10000
"946",946,3.59770938490815,52.139913541153,4138.06751036694,-10000
"947",947,5.56443012492944,81.2980828173703,4138.06751036693,-10000
"948",948,4.36845591848445,64.712421351514,4138.06751036694,-10000
"949",949,5.69407950991111,46.4665317464017,4138.06751036695,-10000
"950",950,4.05756570696665,44.9332445530415,4138.06751036694,-10000
"951",951,3.90013489487208,83.5177524116224,4138.06751036694,-10000
"952",952,6.06950459349813,82.8749821042972,4138.06751036695,-10000
"953",953,4.61824875336449,62.6279375218397,4138.06751036694,-10000
"954",954,4.725608188184,51.290309953467,4138.06751036694,-10000
"955",955,0.983498448029726,49.0140015802139,4138.06751036695,-10000
"956",956,3.32844532736428,44.7607341777669,4138.06751036695,-10000
"957",957,4.04388427865679,33.0194114002509,4138.06751036694,-10000
"958",958,2.41255434010477,55.9095099635523,4138.06751036692,-10000
"959",959,5.26582117624101,72.3703272335206,4138.06751036694,-10000
"960",960,5.68069699622984,82.857162658519,4138.06751036695,-10000
"961",961,4.55053511723168,55.2455882557586,4138.06751036693,-10000
"962",962,0.90966747250892,42.7553645728916,4138.06751036695,-10000
"963",963,7.01680264690574,79.3514879680708,4138.06751036695,-10000
"964",964,5.25009916073034,42.0555862283459,4138.06751036694,-10000
"965",965,3.34582751948613,51.0682877462076,4138.06751036694,-10000
"966",966,4.15991976716618,64.9895838462334,4138.06751036694,-10000
"967",967,7.69864318316285,85.6646073551666,4138.06751036694,-10000
"968",968,5.44106476969862,48.8614057341584,4138.06751036694,-10000
"969",969,3.59779166428117,44.3335815989774,4138.06751036695,-10000
"970",970,4.21752945203233,73.5567003827221,4138.06751036694,-10000
"971",971,6.47623661554414,68.8937992037875,4138.06751036694,-10000
"972",972,7.06069647064789,76.2178364276734,4138.06751036694,-10000
"973",973,4.43463708790589,68.6664263007537,4138.06751036694,-10000
"974",974,3.37466960758855,42.2968126448075,4138.06751036694,-10000
"975",975,3.53212684057645,50.3634394731379,4138.06751036694,-10000
"976",976,7.37676510929522,80.8381462559713,4138.06751036694,-10000
"977",977,6.88305405275626,64.4570564685645,4138.06751036694,-10000
"978",978,5.98191821355148,76.2637803623589,4138.06751036694,-10000
"979",979,5.89456091052229,69.1747306136107,4138.06751036695,-10000
"980",980,2.22244288499243,44.7073947429659,4138.06751036694,-10000
"981",981,4.52731826107526,86.0059980497228,4138.06751036695,-10000
"982",982,5.65660262080748,78.1792909485898,4138.06751036694,-10000
"983",983,2.47187918901192,69.8029751342527,4138.06751036694,-10000
"984",984,0.966447954363421,21.5126830516412,4138.06751036694,-10000
"985",985,4.08868878507724,51.3213014363191,4138.06751036694,-10000
"986",986,2.60067102135397,65.8882099572901,4138.06751036694,-10000
"987",987,7.22288852753241,74.8624288063069,4138.06751036694,-10000
"988",988,1.37403286347401,50.1906574019163,4138.06751036694,-10000
"989",989,7.99998861147709,74.2435999927457,4138.06751036695,-10000
"990",990,7.18867389179118,74.3156332804144,4138.06751036694,-10000
"991",991,1.18808570258234,51.0926698462678,4138.06751036694,-10000
"992",992,1.0445000774968,38.1098039448766,4138.06751036695,-10000
"993",993,3.82361712219674,58.6850409087902,4138.06751036694,-10000
"994",994,3.59514132886527,66.1452113673022,4138.06751036695,-10000
"995",995,5.82497038100239,66.5143047901626,4138.06751036693,-10000
"996",996,4.4527517468291,57.6707695133664,4138.06751036695,-10000
"997",997,2.02546711878535,54.5612250505653,4138.06751036693,-10000
"998",998,4.17483303489002,56.9502334629408,4138.06751036695,-10000
"999",999,6.04184591418927,55.9587944853904,4138.06751036694,-10000
"1000",1000,4.17457576427364,72.346949217344,4138.06751036694,-10000
